fk_cliente;fk_produto;fk_vendedor;data_pedido;preco_unitario;unidades_vendidas;desconto_percentual;cod_pedido
VINET;11;5;1996-07-04;14.00;12;0;10248
VINET;42;5;1996-07-04;9.80;10;0;10248
VINET;72;5;1996-07-04;34.80;5;0;10248
TOMSP;14;6;1996-07-05;18.60;9;0;10249
TOMSP;51;6;1996-07-05;42.40;40;0;10249
HANAR;41;4;1996-07-08;7.70;10;0;10250
HANAR;51;4;1996-07-08;42.40;35;0,150000005960464;10250
HANAR;65;4;1996-07-08;16.80;15;0,150000005960464;10250
VICTE;22;3;1996-07-08;16.80;6;0,0500000007450581;10251
VICTE;57;3;1996-07-08;15.60;15;0,0500000007450581;10251
VICTE;65;3;1996-07-08;16.80;20;0;10251
SUPRD;20;4;1996-07-09;64.80;40;0,0500000007450581;10252
SUPRD;33;4;1996-07-09;2.00;25;0,0500000007450581;10252
SUPRD;60;4;1996-07-09;27.20;40;0;10252
HANAR;31;3;1996-07-10;10.00;20;0;10253
HANAR;39;3;1996-07-10;14.40;42;0;10253
HANAR;49;3;1996-07-10;16.00;40;0;10253
CHOPS;24;5;1996-07-11;3.60;15;0,150000005960464;10254
CHOPS;55;5;1996-07-11;19.20;21;0,150000005960464;10254
CHOPS;74;5;1996-07-11;8.00;21;0;10254
RICSU;2;9;1996-07-12;15.20;20;0;10255
RICSU;16;9;1996-07-12;13.90;35;0;10255
RICSU;36;9;1996-07-12;15.20;25;0;10255
RICSU;59;9;1996-07-12;44.00;30;0;10255
WELLI;53;3;1996-07-15;26.20;15;0;10256
WELLI;77;3;1996-07-15;10.40;12;0;10256
HILAA;27;4;1996-07-16;35.10;25;0;10257
HILAA;39;4;1996-07-16;14.40;6;0;10257
HILAA;77;4;1996-07-16;10.40;15;0;10257
ERNSH;2;1;1996-07-17;15.20;50;0,200000002980232;10258
ERNSH;5;1;1996-07-17;17.00;65;0,200000002980232;10258
ERNSH;32;1;1996-07-17;25.60;6;0,200000002980232;10258
CENTC;21;4;1996-07-18;8.00;10;0;10259
CENTC;37;4;1996-07-18;20.80;1;0;10259
OTTIK;41;4;1996-07-19;7.70;16;0,25;10260
OTTIK;57;4;1996-07-19;15.60;50;0;10260
OTTIK;62;4;1996-07-19;39.40;15;0,25;10260
OTTIK;70;4;1996-07-19;12.00;21;0,25;10260
QUEDE;21;4;1996-07-19;8.00;20;0;10261
QUEDE;35;4;1996-07-19;14.40;20;0;10261
RATTC;5;8;1996-07-22;17.00;12;0,200000002980232;10262
RATTC;7;8;1996-07-22;24.00;15;0;10262
RATTC;56;8;1996-07-22;30.40;2;0;10262
ERNSH;16;9;1996-07-23;13.90;60;0,25;10263
ERNSH;24;9;1996-07-23;3.60;28;0;10263
ERNSH;30;9;1996-07-23;20.70;60;0,25;10263
ERNSH;74;9;1996-07-23;8.00;36;0,25;10263
FOLKO;2;6;1996-07-24;15.20;35;0;10264
FOLKO;41;6;1996-07-24;7.70;25;0,150000005960464;10264
BLONP;17;2;1996-07-25;31.20;30;0;10265
BLONP;70;2;1996-07-25;12.00;20;0;10265
WARTH;12;3;1996-07-26;30.40;12;0,0500000007450581;10266
FRANK;40;4;1996-07-29;14.70;50;0;10267
FRANK;59;4;1996-07-29;44.00;70;0,150000005960464;10267
FRANK;76;4;1996-07-29;14.40;15;0,150000005960464;10267
GROSR;29;8;1996-07-30;99.00;10;0;10268
GROSR;72;8;1996-07-30;27.80;4;0;10268
WHITC;33;5;1996-07-31;2.00;60;0,0500000007450581;10269
WHITC;72;5;1996-07-31;27.80;20;0,0500000007450581;10269
WARTH;36;1;1996-08-01;15.20;30;0;10270
WARTH;43;1;1996-08-01;36.80;25;0;10270
SPLIR;33;6;1996-08-01;2.00;24;0;10271
RATTC;20;6;1996-08-02;64.80;6;0;10272
RATTC;31;6;1996-08-02;10.00;40;0;10272
RATTC;72;6;1996-08-02;27.80;24;0;10272
QUICK;10;3;1996-08-05;24.80;24;0,0500000007450581;10273
QUICK;31;3;1996-08-05;10.00;15;0,0500000007450581;10273
QUICK;33;3;1996-08-05;2.00;20;0;10273
QUICK;40;3;1996-08-05;14.70;60;0,0500000007450581;10273
QUICK;76;3;1996-08-05;14.40;33;0,0500000007450581;10273
VINET;71;6;1996-08-06;17.20;20;0;10274
VINET;72;6;1996-08-06;27.80;7;0;10274
MAGAA;24;1;1996-08-07;3.60;12;0,0500000007450581;10275
MAGAA;59;1;1996-08-07;44.00;6;0,0500000007450581;10275
TORTU;10;8;1996-08-08;24.80;15;0;10276
TORTU;13;8;1996-08-08;4.80;10;0;10276
MORGK;28;2;1996-08-09;36.40;20;0;10277
MORGK;62;2;1996-08-09;39.40;12;0;10277
BERGS;44;8;1996-08-12;15.50;16;0;10278
BERGS;59;8;1996-08-12;44.00;15;0;10278
BERGS;63;8;1996-08-12;35.10;8;0;10278
BERGS;73;8;1996-08-12;12.00;25;0;10278
LEHMS;17;8;1996-08-13;31.20;15;0,25;10279
BERGS;24;2;1996-08-14;3.60;12;0;10280
BERGS;55;2;1996-08-14;19.20;20;0;10280
BERGS;75;2;1996-08-14;6.20;30;0;10280
ROMEY;19;4;1996-08-14;7.30;1;0;10281
ROMEY;24;4;1996-08-14;3.60;6;0;10281
ROMEY;35;4;1996-08-14;14.40;4;0;10281
ROMEY;30;4;1996-08-15;20.70;6;0;10282
ROMEY;57;4;1996-08-15;15.60;2;0;10282
LILAS;15;3;1996-08-16;12.40;20;0;10283
LILAS;19;3;1996-08-16;7.30;18;0;10283
LILAS;60;3;1996-08-16;27.20;35;0;10283
LILAS;72;3;1996-08-16;27.80;3;0;10283
LEHMS;27;4;1996-08-19;35.10;15;0,25;10284
LEHMS;44;4;1996-08-19;15.50;21;0;10284
LEHMS;60;4;1996-08-19;27.20;20;0,25;10284
LEHMS;67;4;1996-08-19;11.20;5;0,25;10284
QUICK;1;1;1996-08-20;14.40;45;0,200000002980232;10285
QUICK;40;1;1996-08-20;14.70;40;0,200000002980232;10285
QUICK;53;1;1996-08-20;26.20;36;0,200000002980232;10285
QUICK;35;8;1996-08-21;14.40;100;0;10286
QUICK;62;8;1996-08-21;39.40;40;0;10286
RICAR;16;8;1996-08-22;13.90;40;0,150000005960464;10287
RICAR;34;8;1996-08-22;11.20;20;0;10287
RICAR;46;8;1996-08-22;9.60;15;0,150000005960464;10287
REGGC;54;4;1996-08-23;5.90;10;0,100000001490116;10288
REGGC;68;4;1996-08-23;10.00;3;0,100000001490116;10288
BSBEV;3;7;1996-08-26;8.00;30;0;10289
BSBEV;64;7;1996-08-26;26.60;9;0;10289
COMMI;5;8;1996-08-27;17.00;20;0;10290
COMMI;29;8;1996-08-27;99.00;15;0;10290
COMMI;49;8;1996-08-27;16.00;15;0;10290
COMMI;77;8;1996-08-27;10.40;10;0;10290
QUEDE;13;6;1996-08-27;4.80;20;0,100000001490116;10291
QUEDE;44;6;1996-08-27;15.50;24;0,100000001490116;10291
QUEDE;51;6;1996-08-27;42.40;2;0,100000001490116;10291
TRADH;20;1;1996-08-28;64.80;20;0;10292
TORTU;18;1;1996-08-29;50.00;12;0;10293
TORTU;24;1;1996-08-29;3.60;10;0;10293
TORTU;63;1;1996-08-29;35.10;5;0;10293
TORTU;75;1;1996-08-29;6.20;6;0;10293
RATTC;1;4;1996-08-30;14.40;18;0;10294
RATTC;17;4;1996-08-30;31.20;15;0;10294
RATTC;43;4;1996-08-30;36.80;15;0;10294
RATTC;60;4;1996-08-30;27.20;21;0;10294
RATTC;75;4;1996-08-30;6.20;6;0;10294
VINET;56;2;1996-09-02;30.40;4;0;10295
LILAS;11;6;1996-09-03;16.80;12;0;10296
LILAS;16;6;1996-09-03;13.90;30;0;10296
LILAS;69;6;1996-09-03;28.80;15;0;10296
BLONP;39;5;1996-09-04;14.40;60;0;10297
BLONP;72;5;1996-09-04;27.80;20;0;10297
HUNGO;2;6;1996-09-05;15.20;40;0;10298
HUNGO;36;6;1996-09-05;15.20;40;0,25;10298
HUNGO;59;6;1996-09-05;44.00;30;0,25;10298
HUNGO;62;6;1996-09-05;39.40;15;0;10298
RICAR;19;4;1996-09-06;7.30;15;0;10299
RICAR;70;4;1996-09-06;12.00;20;0;10299
MAGAA;66;2;1996-09-09;13.60;30;0;10300
MAGAA;68;2;1996-09-09;10.00;20;0;10300
WANDK;40;8;1996-09-09;14.70;10;0;10301
WANDK;56;8;1996-09-09;30.40;20;0;10301
SUPRD;17;4;1996-09-10;31.20;40;0;10302
SUPRD;28;4;1996-09-10;36.40;28;0;10302
SUPRD;43;4;1996-09-10;36.80;12;0;10302
GODOS;40;7;1996-09-11;14.70;40;0,100000001490116;10303
GODOS;65;7;1996-09-11;16.80;30;0,100000001490116;10303
GODOS;68;7;1996-09-11;10.00;15;0,100000001490116;10303
TORTU;49;1;1996-09-12;16.00;30;0;10304
TORTU;59;1;1996-09-12;44.00;10;0;10304
TORTU;71;1;1996-09-12;17.20;2;0;10304
OLDWO;18;8;1996-09-13;50.00;25;0,100000001490116;10305
OLDWO;29;8;1996-09-13;99.00;25;0,100000001490116;10305
OLDWO;39;8;1996-09-13;14.40;30;0,100000001490116;10305
ROMEY;30;1;1996-09-16;20.70;10;0;10306
ROMEY;53;1;1996-09-16;26.20;10;0;10306
ROMEY;54;1;1996-09-16;5.90;5;0;10306
LONEP;62;2;1996-09-17;39.40;10;0;10307
LONEP;68;2;1996-09-17;10.00;3;0;10307
ANATR;69;7;1996-09-18;28.80;1;0;10308
ANATR;70;7;1996-09-18;12.00;5;0;10308
HUNGO;4;3;1996-09-19;17.60;20;0;10309
HUNGO;6;3;1996-09-19;20.00;30;0;10309
HUNGO;42;3;1996-09-19;11.20;2;0;10309
HUNGO;43;3;1996-09-19;36.80;20;0;10309
HUNGO;71;3;1996-09-19;17.20;3;0;10309
THEBI;16;8;1996-09-20;13.90;10;0;10310
THEBI;62;8;1996-09-20;39.40;5;0;10310
DUMON;42;1;1996-09-20;11.20;6;0;10311
DUMON;69;1;1996-09-20;28.80;7;0;10311
WANDK;28;2;1996-09-23;36.40;4;0;10312
WANDK;43;2;1996-09-23;36.80;24;0;10312
WANDK;53;2;1996-09-23;26.20;20;0;10312
WANDK;75;2;1996-09-23;6.20;10;0;10312
QUICK;36;2;1996-09-24;15.20;12;0;10313
RATTC;32;1;1996-09-25;25.60;40;0,100000001490116;10314
RATTC;58;1;1996-09-25;10.60;30;0,100000001490116;10314
RATTC;62;1;1996-09-25;39.40;25;0,100000001490116;10314
ISLAT;34;4;1996-09-26;11.20;14;0;10315
ISLAT;70;4;1996-09-26;12.00;30;0;10315
RATTC;41;1;1996-09-27;7.70;10;0;10316
RATTC;62;1;1996-09-27;39.40;70;0;10316
LONEP;1;6;1996-09-30;14.40;20;0;10317
ISLAT;41;8;1996-10-01;7.70;20;0;10318
ISLAT;76;8;1996-10-01;14.40;6;0;10318
TORTU;17;7;1996-10-02;31.20;8;0;10319
TORTU;28;7;1996-10-02;36.40;14;0;10319
TORTU;76;7;1996-10-02;14.40;30;0;10319
WARTH;71;5;1996-10-03;17.20;30;0;10320
ISLAT;35;3;1996-10-03;14.40;10;0;10321
PERIC;52;7;1996-10-04;5.60;20;0;10322
KOENE;15;4;1996-10-07;12.40;5;0;10323
KOENE;25;4;1996-10-07;11.20;4;0;10323
KOENE;39;4;1996-10-07;14.40;4;0;10323
SAVEA;16;9;1996-10-08;13.90;21;0,150000005960464;10324
SAVEA;35;9;1996-10-08;14.40;70;0,150000005960464;10324
SAVEA;46;9;1996-10-08;9.60;30;0;10324
SAVEA;59;9;1996-10-08;44.00;40;0,150000005960464;10324
SAVEA;63;9;1996-10-08;35.10;80;0,150000005960464;10324
KOENE;6;1;1996-10-09;20.00;6;0;10325
KOENE;13;1;1996-10-09;4.80;12;0;10325
KOENE;14;1;1996-10-09;18.60;9;0;10325
KOENE;31;1;1996-10-09;10.00;4;0;10325
KOENE;72;1;1996-10-09;27.80;40;0;10325
BOLID;4;4;1996-10-10;17.60;24;0;10326
BOLID;57;4;1996-10-10;15.60;16;0;10326
BOLID;75;4;1996-10-10;6.20;50;0;10326
FOLKO;2;2;1996-10-11;15.20;25;0,200000002980232;10327
FOLKO;11;2;1996-10-11;16.80;50;0,200000002980232;10327
FOLKO;30;2;1996-10-11;20.70;35;0,200000002980232;10327
FOLKO;58;2;1996-10-11;10.60;30;0,200000002980232;10327
FURIB;59;4;1996-10-14;44.00;9;0;10328
FURIB;65;4;1996-10-14;16.80;40;0;10328
FURIB;68;4;1996-10-14;10.00;10;0;10328
SPLIR;19;4;1996-10-15;7.30;10;0,0500000007450581;10329
SPLIR;30;4;1996-10-15;20.70;8;0,0500000007450581;10329
SPLIR;38;4;1996-10-15;210.80;20;0,0500000007450581;10329
SPLIR;56;4;1996-10-15;30.40;12;0,0500000007450581;10329
LILAS;26;3;1996-10-16;24.90;50;0,150000005960464;10330
LILAS;72;3;1996-10-16;27.80;25;0,150000005960464;10330
BONAP;54;9;1996-10-16;5.90;15;0;10331
MEREP;18;3;1996-10-17;50.00;40;0,200000002980232;10332
MEREP;42;3;1996-10-17;11.20;10;0,200000002980232;10332
MEREP;47;3;1996-10-17;7.60;16;0,200000002980232;10332
WARTH;14;5;1996-10-18;18.60;10;0;10333
WARTH;21;5;1996-10-18;8.00;10;0,100000001490116;10333
WARTH;71;5;1996-10-18;17.20;40;0,100000001490116;10333
VICTE;52;8;1996-10-21;5.60;8;0;10334
VICTE;68;8;1996-10-21;10.00;10;0;10334
HUNGO;2;7;1996-10-22;15.20;7;0,200000002980232;10335
HUNGO;31;7;1996-10-22;10.00;25;0,200000002980232;10335
HUNGO;32;7;1996-10-22;25.60;6;0,200000002980232;10335
HUNGO;51;7;1996-10-22;42.40;48;0,200000002980232;10335
PRINI;4;7;1996-10-23;17.60;18;0,100000001490116;10336
FRANK;23;4;1996-10-24;7.20;40;0;10337
FRANK;26;4;1996-10-24;24.90;24;0;10337
FRANK;36;4;1996-10-24;15.20;20;0;10337
FRANK;37;4;1996-10-24;20.80;28;0;10337
FRANK;72;4;1996-10-24;27.80;25;0;10337
OLDWO;17;4;1996-10-25;31.20;20;0;10338
OLDWO;30;4;1996-10-25;20.70;15;0;10338
MEREP;4;2;1996-10-28;17.60;10;0;10339
MEREP;17;2;1996-10-28;31.20;70;0,0500000007450581;10339
MEREP;62;2;1996-10-28;39.40;28;0;10339
BONAP;18;1;1996-10-29;50.00;20;0,0500000007450581;10340
BONAP;41;1;1996-10-29;7.70;12;0,0500000007450581;10340
BONAP;43;1;1996-10-29;36.80;40;0,0500000007450581;10340
SIMOB;33;7;1996-10-29;2.00;8;0;10341
SIMOB;59;7;1996-10-29;44.00;9;0,150000005960464;10341
FRANK;2;4;1996-10-30;15.20;24;0,200000002980232;10342
FRANK;31;4;1996-10-30;10.00;56;0,200000002980232;10342
FRANK;36;4;1996-10-30;15.20;40;0,200000002980232;10342
FRANK;55;4;1996-10-30;19.20;40;0,200000002980232;10342
LEHMS;64;4;1996-10-31;26.60;50;0;10343
LEHMS;68;4;1996-10-31;10.00;4;0,0500000007450581;10343
LEHMS;76;4;1996-10-31;14.40;15;0;10343
WHITC;4;4;1996-11-01;17.60;35;0;10344
WHITC;8;4;1996-11-01;32.00;70;0,25;10344
QUICK;8;2;1996-11-04;32.00;70;0;10345
QUICK;19;2;1996-11-04;7.30;80;0;10345
QUICK;42;2;1996-11-04;11.20;9;0;10345
RATTC;17;3;1996-11-05;31.20;36;0,100000001490116;10346
RATTC;56;3;1996-11-05;30.40;20;0;10346
FAMIA;25;4;1996-11-06;11.20;10;0;10347
FAMIA;39;4;1996-11-06;14.40;50;0,150000005960464;10347
FAMIA;40;4;1996-11-06;14.70;4;0;10347
FAMIA;75;4;1996-11-06;6.20;6;0,150000005960464;10347
WANDK;1;4;1996-11-07;14.40;15;0,150000005960464;10348
WANDK;23;4;1996-11-07;7.20;25;0;10348
SPLIR;54;7;1996-11-08;5.90;24;0;10349
LAMAI;50;6;1996-11-11;13.00;15;0,100000001490116;10350
LAMAI;69;6;1996-11-11;28.80;18;0,100000001490116;10350
ERNSH;38;1;1996-11-11;210.80;20;0,0500000007450581;10351
ERNSH;41;1;1996-11-11;7.70;13;0;10351
ERNSH;44;1;1996-11-11;15.50;77;0,0500000007450581;10351
ERNSH;65;1;1996-11-11;16.80;10;0,0500000007450581;10351
FURIB;24;3;1996-11-12;3.60;10;0;10352
FURIB;54;3;1996-11-12;5.90;20;0,150000005960464;10352
PICCO;11;7;1996-11-13;16.80;12;0,200000002980232;10353
PICCO;38;7;1996-11-13;210.80;50;0,200000002980232;10353
PERIC;1;8;1996-11-14;14.40;12;0;10354
PERIC;29;8;1996-11-14;99.00;4;0;10354
AROUT;24;6;1996-11-15;3.60;25;0;10355
AROUT;57;6;1996-11-15;15.60;25;0;10355
WANDK;31;6;1996-11-18;10.00;30;0;10356
WANDK;55;6;1996-11-18;19.20;12;0;10356
WANDK;69;6;1996-11-18;28.80;20;0;10356
LILAS;10;1;1996-11-19;24.80;30;0,200000002980232;10357
LILAS;26;1;1996-11-19;24.90;16;0;10357
LILAS;60;1;1996-11-19;27.20;8;0,200000002980232;10357
LAMAI;24;5;1996-11-20;3.60;10;0,0500000007450581;10358
LAMAI;34;5;1996-11-20;11.20;10;0,0500000007450581;10358
LAMAI;36;5;1996-11-20;15.20;20;0,0500000007450581;10358
SEVES;16;5;1996-11-21;13.90;56;0,0500000007450581;10359
SEVES;31;5;1996-11-21;10.00;70;0,0500000007450581;10359
SEVES;60;5;1996-11-21;27.20;80;0,0500000007450581;10359
BLONP;28;4;1996-11-22;36.40;30;0;10360
BLONP;29;4;1996-11-22;99.00;35;0;10360
BLONP;38;4;1996-11-22;210.80;10;0;10360
BLONP;49;4;1996-11-22;16.00;35;0;10360
BLONP;54;4;1996-11-22;5.90;28;0;10360
QUICK;39;1;1996-11-22;14.40;54;0,100000001490116;10361
QUICK;60;1;1996-11-22;27.20;55;0,100000001490116;10361
BONAP;25;3;1996-11-25;11.20;50;0;10362
BONAP;51;3;1996-11-25;42.40;20;0;10362
BONAP;54;3;1996-11-25;5.90;24;0;10362
DRACD;31;4;1996-11-26;10.00;20;0;10363
DRACD;75;4;1996-11-26;6.20;12;0;10363
DRACD;76;4;1996-11-26;14.40;12;0;10363
EASTC;69;1;1996-11-26;28.80;30;0;10364
EASTC;71;1;1996-11-26;17.20;5;0;10364
ANTON;11;3;1996-11-27;16.80;24;0;10365
GALED;65;8;1996-11-28;16.80;5;0;10366
GALED;77;8;1996-11-28;10.40;5;0;10366
VAFFE;34;7;1996-11-28;11.20;36;0;10367
VAFFE;54;7;1996-11-28;5.90;18;0;10367
VAFFE;65;7;1996-11-28;16.80;15;0;10367
VAFFE;77;7;1996-11-28;10.40;7;0;10367
ERNSH;21;2;1996-11-29;8.00;5;0,100000001490116;10368
ERNSH;28;2;1996-11-29;36.40;13;0,100000001490116;10368
ERNSH;57;2;1996-11-29;15.60;25;0;10368
ERNSH;64;2;1996-11-29;26.60;35;0,100000001490116;10368
SPLIR;29;8;1996-12-02;99.00;20;0;10369
SPLIR;56;8;1996-12-02;30.40;18;0,25;10369
CHOPS;1;6;1996-12-03;14.40;15;0,150000005960464;10370
CHOPS;64;6;1996-12-03;26.60;30;0;10370
CHOPS;74;6;1996-12-03;8.00;20;0,150000005960464;10370
LAMAI;36;1;1996-12-03;15.20;6;0,200000002980232;10371
QUEEN;20;5;1996-12-04;64.80;12;0,25;10372
QUEEN;38;5;1996-12-04;210.80;40;0,25;10372
QUEEN;60;5;1996-12-04;27.20;70;0,25;10372
QUEEN;72;5;1996-12-04;27.80;42;0,25;10372
HUNGO;58;4;1996-12-05;10.60;80;0,200000002980232;10373
HUNGO;71;4;1996-12-05;17.20;50;0,200000002980232;10373
WOLZA;31;1;1996-12-05;10.00;30;0;10374
WOLZA;58;1;1996-12-05;10.60;15;0;10374
HUNGC;14;3;1996-12-06;18.60;15;0;10375
HUNGC;54;3;1996-12-06;5.90;10;0;10375
MEREP;31;1;1996-12-09;10.00;42;0,0500000007450581;10376
SEVES;28;1;1996-12-09;36.40;20;0,150000005960464;10377
SEVES;39;1;1996-12-09;14.40;20;0,150000005960464;10377
FOLKO;71;5;1996-12-10;17.20;6;0;10378
QUEDE;41;2;1996-12-11;7.70;8;0,100000001490116;10379
QUEDE;63;2;1996-12-11;35.10;16;0,100000001490116;10379
QUEDE;65;2;1996-12-11;16.80;20;0,100000001490116;10379
HUNGO;30;8;1996-12-12;20.70;18;0,100000001490116;10380
HUNGO;53;8;1996-12-12;26.20;20;0,100000001490116;10380
HUNGO;60;8;1996-12-12;27.20;6;0,100000001490116;10380
HUNGO;70;8;1996-12-12;12.00;30;0;10380
LILAS;74;3;1996-12-12;8.00;14;0;10381
ERNSH;5;4;1996-12-13;17.00;32;0;10382
ERNSH;18;4;1996-12-13;50.00;9;0;10382
ERNSH;29;4;1996-12-13;99.00;14;0;10382
ERNSH;33;4;1996-12-13;2.00;60;0;10382
ERNSH;74;4;1996-12-13;8.00;50;0;10382
AROUT;13;8;1996-12-16;4.80;20;0;10383
AROUT;50;8;1996-12-16;13.00;15;0;10383
AROUT;56;8;1996-12-16;30.40;20;0;10383
BERGS;20;3;1996-12-16;64.80;28;0;10384
BERGS;60;3;1996-12-16;27.20;15;0;10384
SPLIR;7;1;1996-12-17;24.00;10;0,200000002980232;10385
SPLIR;60;1;1996-12-17;27.20;20;0,200000002980232;10385
SPLIR;68;1;1996-12-17;10.00;8;0,200000002980232;10385
FAMIA;24;9;1996-12-18;3.60;15;0;10386
FAMIA;34;9;1996-12-18;11.20;10;0;10386
SANTG;24;1;1996-12-18;3.60;15;0;10387
SANTG;28;1;1996-12-18;36.40;6;0;10387
SANTG;59;1;1996-12-18;44.00;12;0;10387
SANTG;71;1;1996-12-18;17.20;15;0;10387
SEVES;45;2;1996-12-19;7.60;15;0,200000002980232;10388
SEVES;52;2;1996-12-19;5.60;20;0,200000002980232;10388
SEVES;53;2;1996-12-19;26.20;40;0;10388
BOTTM;10;4;1996-12-20;24.80;16;0;10389
BOTTM;55;4;1996-12-20;19.20;15;0;10389
BOTTM;62;4;1996-12-20;39.40;20;0;10389
BOTTM;70;4;1996-12-20;12.00;30;0;10389
ERNSH;31;6;1996-12-23;10.00;60;0,100000001490116;10390
ERNSH;35;6;1996-12-23;14.40;40;0,100000001490116;10390
ERNSH;46;6;1996-12-23;9.60;45;0;10390
ERNSH;72;6;1996-12-23;27.80;24;0,100000001490116;10390
DRACD;13;3;1996-12-23;4.80;18;0;10391
PICCO;69;2;1996-12-24;28.80;50;0;10392
SAVEA;2;1;1996-12-25;15.20;25;0,25;10393
SAVEA;14;1;1996-12-25;18.60;42;0,25;10393
SAVEA;25;1;1996-12-25;11.20;7;0,25;10393
SAVEA;26;1;1996-12-25;24.90;70;0,25;10393
SAVEA;31;1;1996-12-25;10.00;32;0;10393
HUNGC;13;1;1996-12-25;4.80;10;0;10394
HUNGC;62;1;1996-12-25;39.40;10;0;10394
HILAA;46;6;1996-12-26;9.60;28;0,100000001490116;10395
HILAA;53;6;1996-12-26;26.20;70;0,100000001490116;10395
HILAA;69;6;1996-12-26;28.80;8;0;10395
FRANK;23;1;1996-12-27;7.20;40;0;10396
FRANK;71;1;1996-12-27;17.20;60;0;10396
FRANK;72;1;1996-12-27;27.80;21;0;10396
PRINI;21;5;1996-12-27;8.00;10;0,150000005960464;10397
PRINI;51;5;1996-12-27;42.40;18;0,150000005960464;10397
SAVEA;35;2;1996-12-30;14.40;30;0;10398
SAVEA;55;2;1996-12-30;19.20;120;0,100000001490116;10398
VAFFE;68;8;1996-12-31;10.00;60;0;10399
VAFFE;71;8;1996-12-31;17.20;30;0;10399
VAFFE;76;8;1996-12-31;14.40;35;0;10399
VAFFE;77;8;1996-12-31;10.40;14;0;10399
EASTC;29;1;1997-01-01;99.00;21;0;10400
EASTC;35;1;1997-01-01;14.40;35;0;10400
EASTC;49;1;1997-01-01;16.00;30;0;10400
RATTC;30;1;1997-01-01;20.70;18;0;10401
RATTC;56;1;1997-01-01;30.40;70;0;10401
RATTC;65;1;1997-01-01;16.80;20;0;10401
RATTC;71;1;1997-01-01;17.20;60;0;10401
ERNSH;23;8;1997-01-02;7.20;60;0;10402
ERNSH;63;8;1997-01-02;35.10;65;0;10402
ERNSH;16;4;1997-01-03;13.90;21;0,150000005960464;10403
ERNSH;48;4;1997-01-03;10.20;70;0,150000005960464;10403
MAGAA;26;2;1997-01-03;24.90;30;0,0500000007450581;10404
MAGAA;42;2;1997-01-03;11.20;40;0,0500000007450581;10404
MAGAA;49;2;1997-01-03;16.00;30;0,0500000007450581;10404
LINOD;3;1;1997-01-06;8.00;50;0;10405
QUEEN;1;7;1997-01-07;14.40;10;0;10406
QUEEN;21;7;1997-01-07;8.00;30;0,100000001490116;10406
QUEEN;28;7;1997-01-07;36.40;42;0,100000001490116;10406
QUEEN;36;7;1997-01-07;15.20;5;0,100000001490116;10406
QUEEN;40;7;1997-01-07;14.70;2;0,100000001490116;10406
OTTIK;11;2;1997-01-07;16.80;30;0;10407
OTTIK;69;2;1997-01-07;28.80;15;0;10407
OTTIK;71;2;1997-01-07;17.20;15;0;10407
FOLIG;37;8;1997-01-08;20.80;10;0;10408
FOLIG;54;8;1997-01-08;5.90;6;0;10408
FOLIG;62;8;1997-01-08;39.40;35;0;10408
OCEAN;14;3;1997-01-09;18.60;12;0;10409
OCEAN;21;3;1997-01-09;8.00;12;0;10409
BOTTM;33;3;1997-01-10;2.00;49;0;10410
BOTTM;59;3;1997-01-10;44.00;16;0;10410
BOTTM;41;9;1997-01-10;7.70;25;0,200000002980232;10411
BOTTM;44;9;1997-01-10;15.50;40;0,200000002980232;10411
BOTTM;59;9;1997-01-10;44.00;9;0,200000002980232;10411
WARTH;14;8;1997-01-13;18.60;20;0,100000001490116;10412
LAMAI;1;3;1997-01-14;14.40;24;0;10413
LAMAI;62;3;1997-01-14;39.40;40;0;10413
LAMAI;76;3;1997-01-14;14.40;14;0;10413
FAMIA;19;2;1997-01-14;7.30;18;0,0500000007450581;10414
FAMIA;33;2;1997-01-14;2.00;50;0;10414
HUNGC;17;3;1997-01-15;31.20;2;0;10415
HUNGC;33;3;1997-01-15;2.00;20;0;10415
WARTH;19;8;1997-01-16;7.30;20;0;10416
WARTH;53;8;1997-01-16;26.20;10;0;10416
WARTH;57;8;1997-01-16;15.60;20;0;10416
SIMOB;38;4;1997-01-16;210.80;50;0;10417
SIMOB;46;4;1997-01-16;9.60;2;0,25;10417
SIMOB;68;4;1997-01-16;10.00;36;0,25;10417
SIMOB;77;4;1997-01-16;10.40;35;0;10417
QUICK;2;4;1997-01-17;15.20;60;0;10418
QUICK;47;4;1997-01-17;7.60;55;0;10418
QUICK;61;4;1997-01-17;22.80;16;0;10418
QUICK;74;4;1997-01-17;8.00;15;0;10418
RICSU;60;4;1997-01-20;27.20;60;0,0500000007450581;10419
RICSU;69;4;1997-01-20;28.80;20;0,0500000007450581;10419
WELLI;9;3;1997-01-21;77.60;20;0,100000001490116;10420
WELLI;13;3;1997-01-21;4.80;2;0,100000001490116;10420
WELLI;70;3;1997-01-21;12.00;8;0,100000001490116;10420
WELLI;73;3;1997-01-21;12.00;20;0,100000001490116;10420
QUEDE;19;8;1997-01-21;7.30;4;0,150000005960464;10421
QUEDE;26;8;1997-01-21;24.90;30;0;10421
QUEDE;53;8;1997-01-21;26.20;15;0,150000005960464;10421
QUEDE;77;8;1997-01-21;10.40;10;0,150000005960464;10421
FRANS;26;2;1997-01-22;24.90;2;0;10422
GOURL;31;6;1997-01-23;10.00;14;0;10423
GOURL;59;6;1997-01-23;44.00;20;0;10423
MEREP;35;7;1997-01-23;14.40;60;0,200000002980232;10424
MEREP;38;7;1997-01-23;210.80;49;0,200000002980232;10424
MEREP;68;7;1997-01-23;10.00;30;0,200000002980232;10424
LAMAI;55;6;1997-01-24;19.20;10;0,25;10425
LAMAI;76;6;1997-01-24;14.40;20;0,25;10425
GALED;56;4;1997-01-27;30.40;5;0;10426
GALED;64;4;1997-01-27;26.60;7;0;10426
PICCO;14;4;1997-01-27;18.60;35;0;10427
REGGC;46;7;1997-01-28;9.60;20;0;10428
HUNGO;50;3;1997-01-29;13.00;40;0;10429
HUNGO;63;3;1997-01-29;35.10;35;0,25;10429
ERNSH;17;4;1997-01-30;31.20;45;0,200000002980232;10430
ERNSH;21;4;1997-01-30;8.00;50;0;10430
ERNSH;56;4;1997-01-30;30.40;30;0;10430
ERNSH;59;4;1997-01-30;44.00;70;0,200000002980232;10430
BOTTM;17;4;1997-01-30;31.20;50;0,25;10431
BOTTM;40;4;1997-01-30;14.70;50;0,25;10431
BOTTM;47;4;1997-01-30;7.60;30;0,25;10431
SPLIR;26;3;1997-01-31;24.90;10;0;10432
SPLIR;54;3;1997-01-31;5.90;40;0;10432
PRINI;56;3;1997-02-03;30.40;28;0;10433
FOLKO;11;3;1997-02-03;16.80;6;0;10434
FOLKO;76;3;1997-02-03;14.40;18;0,150000005960464;10434
CONSH;2;8;1997-02-04;15.20;10;0;10435
CONSH;22;8;1997-02-04;16.80;12;0;10435
CONSH;72;8;1997-02-04;27.80;10;0;10435
BLONP;46;3;1997-02-05;9.60;5;0;10436
BLONP;56;3;1997-02-05;30.40;40;0,100000001490116;10436
BLONP;64;3;1997-02-05;26.60;30;0,100000001490116;10436
BLONP;75;3;1997-02-05;6.20;24;0,100000001490116;10436
WARTH;53;8;1997-02-05;26.20;15;0;10437
TOMSP;19;3;1997-02-06;7.30;15;0,200000002980232;10438
TOMSP;34;3;1997-02-06;11.20;20;0,200000002980232;10438
TOMSP;57;3;1997-02-06;15.60;15;0,200000002980232;10438
MEREP;12;6;1997-02-07;30.40;15;0;10439
MEREP;16;6;1997-02-07;13.90;16;0;10439
MEREP;64;6;1997-02-07;26.60;6;0;10439
MEREP;74;6;1997-02-07;8.00;30;0;10439
SAVEA;2;4;1997-02-10;15.20;45;0,150000005960464;10440
SAVEA;16;4;1997-02-10;13.90;49;0,150000005960464;10440
SAVEA;29;4;1997-02-10;99.00;24;0,150000005960464;10440
SAVEA;61;4;1997-02-10;22.80;90;0,150000005960464;10440
OLDWO;27;3;1997-02-10;35.10;50;0;10441
ERNSH;11;3;1997-02-11;16.80;30;0;10442
ERNSH;54;3;1997-02-11;5.90;80;0;10442
ERNSH;66;3;1997-02-11;13.60;60;0;10442
REGGC;11;8;1997-02-12;16.80;6;0,200000002980232;10443
REGGC;28;8;1997-02-12;36.40;12;0;10443
BERGS;17;3;1997-02-12;31.20;10;0;10444
BERGS;26;3;1997-02-12;24.90;15;0;10444
BERGS;35;3;1997-02-12;14.40;8;0;10444
BERGS;41;3;1997-02-12;7.70;30;0;10444
BERGS;39;3;1997-02-13;14.40;6;0;10445
BERGS;54;3;1997-02-13;5.90;15;0;10445
TOMSP;19;6;1997-02-14;7.30;12;0,100000001490116;10446
TOMSP;24;6;1997-02-14;3.60;20;0,100000001490116;10446
TOMSP;31;6;1997-02-14;10.00;3;0,100000001490116;10446
TOMSP;52;6;1997-02-14;5.60;15;0,100000001490116;10446
RICAR;19;4;1997-02-14;7.30;40;0;10447
RICAR;65;4;1997-02-14;16.80;35;0;10447
RICAR;71;4;1997-02-14;17.20;2;0;10447
RANCH;26;4;1997-02-17;24.90;6;0;10448
RANCH;40;4;1997-02-17;14.70;20;0;10448
BLONP;10;3;1997-02-18;24.80;14;0;10449
BLONP;52;3;1997-02-18;5.60;20;0;10449
BLONP;62;3;1997-02-18;39.40;35;0;10449
VICTE;10;8;1997-02-19;24.80;20;0,200000002980232;10450
VICTE;54;8;1997-02-19;5.90;6;0,200000002980232;10450
QUICK;55;4;1997-02-19;19.20;120;0,100000001490116;10451
QUICK;64;4;1997-02-19;26.60;35;0,100000001490116;10451
QUICK;65;4;1997-02-19;16.80;28;0,100000001490116;10451
QUICK;77;4;1997-02-19;10.40;55;0,100000001490116;10451
SAVEA;28;8;1997-02-20;36.40;15;0;10452
SAVEA;44;8;1997-02-20;15.50;100;0,0500000007450581;10452
AROUT;48;1;1997-02-21;10.20;15;0,100000001490116;10453
AROUT;70;1;1997-02-21;12.00;25;0,100000001490116;10453
LAMAI;16;4;1997-02-21;13.90;20;0,200000002980232;10454
LAMAI;33;4;1997-02-21;2.00;20;0,200000002980232;10454
LAMAI;46;4;1997-02-21;9.60;10;0,200000002980232;10454
WARTH;39;8;1997-02-24;14.40;20;0;10455
WARTH;53;8;1997-02-24;26.20;50;0;10455
WARTH;61;8;1997-02-24;22.80;25;0;10455
WARTH;71;8;1997-02-24;17.20;30;0;10455
KOENE;21;8;1997-02-25;8.00;40;0,150000005960464;10456
KOENE;49;8;1997-02-25;16.00;21;0,150000005960464;10456
KOENE;59;2;1997-02-25;44.00;36;0;10457
SUPRD;26;7;1997-02-26;24.90;30;0;10458
SUPRD;28;7;1997-02-26;36.40;30;0;10458
SUPRD;43;7;1997-02-26;36.80;20;0;10458
SUPRD;56;7;1997-02-26;30.40;15;0;10458
SUPRD;71;7;1997-02-26;17.20;50;0;10458
VICTE;7;4;1997-02-27;24.00;16;0,0500000007450581;10459
VICTE;46;4;1997-02-27;9.60;20;0,0500000007450581;10459
VICTE;72;4;1997-02-27;27.80;40;0;10459
FOLKO;68;8;1997-02-28;10.00;21;0,25;10460
FOLKO;75;8;1997-02-28;6.20;4;0,25;10460
LILAS;21;1;1997-02-28;8.00;40;0,25;10461
LILAS;30;1;1997-02-28;20.70;28;0,25;10461
LILAS;55;1;1997-02-28;19.20;60;0,25;10461
CONSH;13;2;1997-03-03;4.80;1;0;10462
CONSH;23;2;1997-03-03;7.20;21;0;10462
SUPRD;19;5;1997-03-04;7.30;21;0;10463
SUPRD;42;5;1997-03-04;11.20;50;0;10463
FURIB;4;4;1997-03-04;17.60;16;0,200000002980232;10464
FURIB;43;4;1997-03-04;36.80;3;0;10464
FURIB;56;4;1997-03-04;30.40;30;0,200000002980232;10464
FURIB;60;4;1997-03-04;27.20;20;0;10464
VAFFE;24;1;1997-03-05;3.60;25;0;10465
VAFFE;29;1;1997-03-05;99.00;18;0,100000001490116;10465
VAFFE;40;1;1997-03-05;14.70;20;0;10465
VAFFE;45;1;1997-03-05;7.60;30;0,100000001490116;10465
VAFFE;50;1;1997-03-05;13.00;25;0;10465
COMMI;11;4;1997-03-06;16.80;10;0;10466
COMMI;46;4;1997-03-06;9.60;5;0;10466
MAGAA;24;8;1997-03-06;3.60;28;0;10467
MAGAA;25;8;1997-03-06;11.20;12;0;10467
KOENE;30;3;1997-03-07;20.70;8;0;10468
KOENE;43;3;1997-03-07;36.80;15;0;10468
WHITC;2;1;1997-03-10;15.20;40;0,150000005960464;10469
WHITC;16;1;1997-03-10;13.90;35;0,150000005960464;10469
WHITC;44;1;1997-03-10;15.50;2;0,150000005960464;10469
BONAP;18;4;1997-03-11;50.00;30;0;10470
BONAP;23;4;1997-03-11;7.20;15;0;10470
BONAP;64;4;1997-03-11;26.60;8;0;10470
BSBEV;7;2;1997-03-11;24.00;30;0;10471
BSBEV;56;2;1997-03-11;30.40;20;0;10471
SEVES;24;8;1997-03-12;3.60;80;0,0500000007450581;10472
SEVES;51;8;1997-03-12;42.40;18;0;10472
ISLAT;33;1;1997-03-13;2.00;12;0;10473
ISLAT;71;1;1997-03-13;17.20;12;0;10473
PERIC;14;5;1997-03-13;18.60;12;0;10474
PERIC;28;5;1997-03-13;36.40;18;0;10474
PERIC;40;5;1997-03-13;14.70;21;0;10474
PERIC;75;5;1997-03-13;6.20;10;0;10474
SUPRD;31;9;1997-03-14;10.00;35;0,150000005960464;10475
SUPRD;66;9;1997-03-14;13.60;60;0,150000005960464;10475
SUPRD;76;9;1997-03-14;14.40;42;0,150000005960464;10475
HILAA;55;8;1997-03-17;19.20;2;0,0500000007450581;10476
HILAA;70;8;1997-03-17;12.00;12;0;10476
PRINI;1;5;1997-03-17;14.40;15;0;10477
PRINI;21;5;1997-03-17;8.00;21;0,25;10477
PRINI;39;5;1997-03-17;14.40;20;0,25;10477
VICTE;10;2;1997-03-18;24.80;20;0,0500000007450581;10478
RATTC;38;3;1997-03-19;210.80;30;0;10479
RATTC;53;3;1997-03-19;26.20;28;0;10479
RATTC;59;3;1997-03-19;44.00;60;0;10479
RATTC;64;3;1997-03-19;26.60;30;0;10479
FOLIG;47;6;1997-03-20;7.60;30;0;10480
FOLIG;59;6;1997-03-20;44.00;12;0;10480
RICAR;49;8;1997-03-20;16.00;24;0;10481
RICAR;60;8;1997-03-20;27.20;40;0;10481
LAZYK;40;1;1997-03-21;14.70;10;0;10482
WHITC;34;7;1997-03-24;11.20;35;0,0500000007450581;10483
WHITC;77;7;1997-03-24;10.40;30;0,0500000007450581;10483
BSBEV;21;3;1997-03-24;8.00;14;0;10484
BSBEV;40;3;1997-03-24;14.70;10;0;10484
BSBEV;51;3;1997-03-24;42.40;3;0;10484
LINOD;2;4;1997-03-25;15.20;20;0,100000001490116;10485
LINOD;3;4;1997-03-25;8.00;20;0,100000001490116;10485
LINOD;55;4;1997-03-25;19.20;30;0,100000001490116;10485
LINOD;70;4;1997-03-25;12.00;60;0,100000001490116;10485
HILAA;11;1;1997-03-26;16.80;5;0;10486
HILAA;51;1;1997-03-26;42.40;25;0;10486
HILAA;74;1;1997-03-26;8.00;16;0;10486
QUEEN;19;2;1997-03-26;7.30;5;0;10487
QUEEN;26;2;1997-03-26;24.90;30;0;10487
QUEEN;54;2;1997-03-26;5.90;24;0,25;10487
FRANK;59;8;1997-03-27;44.00;30;0;10488
FRANK;73;8;1997-03-27;12.00;20;0,200000002980232;10488
PICCO;11;6;1997-03-28;16.80;15;0,25;10489
PICCO;16;6;1997-03-28;13.90;18;0;10489
HILAA;59;7;1997-03-31;44.00;60;0;10490
HILAA;68;7;1997-03-31;10.00;30;0;10490
HILAA;75;7;1997-03-31;6.20;36;0;10490
FURIB;44;8;1997-03-31;15.50;15;0,150000005960464;10491
FURIB;77;8;1997-03-31;10.40;7;0,150000005960464;10491
BOTTM;25;3;1997-04-01;11.20;60;0,0500000007450581;10492
BOTTM;42;3;1997-04-01;11.20;20;0,0500000007450581;10492
LAMAI;65;4;1997-04-02;16.80;15;0,100000001490116;10493
LAMAI;66;4;1997-04-02;13.60;10;0,100000001490116;10493
LAMAI;69;4;1997-04-02;28.80;10;0,100000001490116;10493
COMMI;56;4;1997-04-02;30.40;30;0;10494
LAUGB;23;3;1997-04-03;7.20;10;0;10495
LAUGB;41;3;1997-04-03;7.70;20;0;10495
LAUGB;77;3;1997-04-03;10.40;5;0;10495
TRADH;31;7;1997-04-04;10.00;20;0,0500000007450581;10496
LEHMS;56;7;1997-04-04;30.40;14;0;10497
LEHMS;72;7;1997-04-04;27.80;25;0;10497
LEHMS;77;7;1997-04-04;10.40;25;0;10497
HILAA;24;8;1997-04-07;4.50;14;0;10498
HILAA;40;8;1997-04-07;18.40;5;0;10498
HILAA;42;8;1997-04-07;14.00;30;0;10498
LILAS;28;4;1997-04-08;45.60;20;0;10499
LILAS;49;4;1997-04-08;20.00;25;0;10499
LAMAI;15;6;1997-04-09;15.50;12;0,0500000007450581;10500
LAMAI;28;6;1997-04-09;45.60;8;0,0500000007450581;10500
BLAUS;54;9;1997-04-09;7.45;20;0;10501
PERIC;45;2;1997-04-10;9.50;21;0;10502
PERIC;53;2;1997-04-10;32.80;6;0;10502
PERIC;67;2;1997-04-10;14.00;30;0;10502
HUNGO;14;6;1997-04-11;23.25;70;0;10503
HUNGO;65;6;1997-04-11;21.05;20;0;10503
WHITC;2;4;1997-04-11;19.00;12;0;10504
WHITC;21;4;1997-04-11;10.00;12;0;10504
WHITC;53;4;1997-04-11;32.80;10;0;10504
WHITC;61;4;1997-04-11;28.50;25;0;10504
MEREP;62;3;1997-04-14;49.30;3;0;10505
KOENE;25;9;1997-04-15;14.00;18;0,100000001490116;10506
KOENE;70;9;1997-04-15;15.00;14;0,100000001490116;10506
ANTON;43;7;1997-04-15;46.00;15;0,150000005960464;10507
ANTON;48;7;1997-04-15;12.75;15;0,150000005960464;10507
OTTIK;13;1;1997-04-16;6.00;10;0;10508
OTTIK;39;1;1997-04-16;18.00;10;0;10508
BLAUS;28;4;1997-04-17;45.60;3;0;10509
SAVEA;29;6;1997-04-18;123.79;36;0;10510
SAVEA;75;6;1997-04-18;7.75;36;0,100000001490116;10510
BONAP;4;4;1997-04-18;22.00;50;0,150000005960464;10511
BONAP;7;4;1997-04-18;30.00;50;0,150000005960464;10511
BONAP;8;4;1997-04-18;40.00;10;0,150000005960464;10511
FAMIA;24;7;1997-04-21;4.50;10;0,150000005960464;10512
FAMIA;46;7;1997-04-21;12.00;9;0,150000005960464;10512
FAMIA;47;7;1997-04-21;9.50;6;0,150000005960464;10512
FAMIA;60;7;1997-04-21;34.00;12;0,150000005960464;10512
WANDK;21;7;1997-04-22;10.00;40;0,200000002980232;10513
WANDK;32;7;1997-04-22;32.00;50;0,200000002980232;10513
WANDK;61;7;1997-04-22;28.50;15;0,200000002980232;10513
ERNSH;20;3;1997-04-22;81.00;39;0;10514
ERNSH;28;3;1997-04-22;45.60;35;0;10514
ERNSH;56;3;1997-04-22;38.00;70;0;10514
ERNSH;65;3;1997-04-22;21.05;39;0;10514
ERNSH;75;3;1997-04-22;7.75;50;0;10514
QUICK;9;2;1997-04-23;97.00;16;0,150000005960464;10515
QUICK;16;2;1997-04-23;17.45;50;0;10515
QUICK;27;2;1997-04-23;43.90;120;0;10515
QUICK;33;2;1997-04-23;2.50;16;0,150000005960464;10515
QUICK;60;2;1997-04-23;34.00;84;0,150000005960464;10515
HUNGO;18;2;1997-04-24;62.50;25;0,100000001490116;10516
HUNGO;41;2;1997-04-24;9.65;80;0,100000001490116;10516
HUNGO;42;2;1997-04-24;14.00;20;0;10516
NORTS;52;3;1997-04-24;7.00;6;0;10517
NORTS;59;3;1997-04-24;55.00;4;0;10517
NORTS;70;3;1997-04-24;15.00;6;0;10517
TORTU;24;4;1997-04-25;4.50;5;0;10518
TORTU;38;4;1997-04-25;263.50;15;0;10518
TORTU;44;4;1997-04-25;19.45;9;0;10518
CHOPS;10;6;1997-04-28;31.00;16;0,0500000007450581;10519
CHOPS;56;6;1997-04-28;38.00;40;0;10519
CHOPS;60;6;1997-04-28;34.00;10;0,0500000007450581;10519
SANTG;24;7;1997-04-29;4.50;8;0;10520
SANTG;53;7;1997-04-29;32.80;5;0;10520
CACTU;35;8;1997-04-29;18.00;3;0;10521
CACTU;41;8;1997-04-29;9.65;10;0;10521
CACTU;68;8;1997-04-29;12.50;6;0;10521
LEHMS;1;4;1997-04-30;18.00;40;0,200000002980232;10522
LEHMS;8;4;1997-04-30;40.00;24;0;10522
LEHMS;30;4;1997-04-30;25.89;20;0,200000002980232;10522
LEHMS;40;4;1997-04-30;18.40;25;0,200000002980232;10522
SEVES;17;7;1997-05-01;39.00;25;0,100000001490116;10523
SEVES;20;7;1997-05-01;81.00;15;0,100000001490116;10523
SEVES;37;7;1997-05-01;26.00;18;0,100000001490116;10523
SEVES;41;7;1997-05-01;9.65;6;0,100000001490116;10523
BERGS;10;1;1997-05-01;31.00;2;0;10524
BERGS;30;1;1997-05-01;25.89;10;0;10524
BERGS;43;1;1997-05-01;46.00;60;0;10524
BERGS;54;1;1997-05-01;7.45;15;0;10524
BONAP;36;1;1997-05-02;19.00;30;0;10525
BONAP;40;1;1997-05-02;18.40;15;0,100000001490116;10525
WARTH;1;4;1997-05-05;18.00;8;0,150000005960464;10526
WARTH;13;4;1997-05-05;6.00;10;0;10526
WARTH;56;4;1997-05-05;38.00;30;0,150000005960464;10526
QUICK;4;7;1997-05-05;22.00;50;0,100000001490116;10527
QUICK;36;7;1997-05-05;19.00;30;0,100000001490116;10527
GREAL;11;6;1997-05-06;21.00;3;0;10528
GREAL;33;6;1997-05-06;2.50;8;0,200000002980232;10528
GREAL;72;6;1997-05-06;34.80;9;0;10528
MAISD;55;5;1997-05-07;24.00;14;0;10529
MAISD;68;5;1997-05-07;12.50;20;0;10529
MAISD;69;5;1997-05-07;36.00;10;0;10529
PICCO;17;3;1997-05-08;39.00;40;0;10530
PICCO;43;3;1997-05-08;46.00;25;0;10530
PICCO;61;3;1997-05-08;28.50;20;0;10530
PICCO;76;3;1997-05-08;18.00;50;0;10530
OCEAN;59;7;1997-05-08;55.00;2;0;10531
EASTC;30;7;1997-05-09;25.89;15;0;10532
EASTC;66;7;1997-05-09;17.00;24;0;10532
FOLKO;4;8;1997-05-12;22.00;50;0,0500000007450581;10533
FOLKO;72;8;1997-05-12;34.80;24;0;10533
FOLKO;73;8;1997-05-12;15.00;24;0,0500000007450581;10533
LEHMS;30;8;1997-05-12;25.89;10;0;10534
LEHMS;40;8;1997-05-12;18.40;10;0,200000002980232;10534
LEHMS;54;8;1997-05-12;7.45;10;0,200000002980232;10534
ANTON;11;4;1997-05-13;21.00;50;0,100000001490116;10535
ANTON;40;4;1997-05-13;18.40;10;0,100000001490116;10535
ANTON;57;4;1997-05-13;19.50;5;0,100000001490116;10535
ANTON;59;4;1997-05-13;55.00;15;0,100000001490116;10535
LEHMS;12;3;1997-05-14;38.00;15;0,25;10536
LEHMS;31;3;1997-05-14;12.50;20;0;10536
LEHMS;33;3;1997-05-14;2.50;30;0;10536
LEHMS;60;3;1997-05-14;34.00;35;0,25;10536
RICSU;31;1;1997-05-14;12.50;30;0;10537
RICSU;51;1;1997-05-14;53.00;6;0;10537
RICSU;58;1;1997-05-14;13.25;20;0;10537
RICSU;72;1;1997-05-14;34.80;21;0;10537
RICSU;73;1;1997-05-14;15.00;9;0;10537
BSBEV;70;9;1997-05-15;15.00;7;0;10538
BSBEV;72;9;1997-05-15;34.80;1;0;10538
BSBEV;13;6;1997-05-16;6.00;8;0;10539
BSBEV;21;6;1997-05-16;10.00;15;0;10539
BSBEV;33;6;1997-05-16;2.50;15;0;10539
BSBEV;49;6;1997-05-16;20.00;6;0;10539
QUICK;3;3;1997-05-19;10.00;60;0;10540
QUICK;26;3;1997-05-19;31.23;40;0;10540
QUICK;38;3;1997-05-19;263.50;30;0;10540
QUICK;68;3;1997-05-19;12.50;35;0;10540
HANAR;24;2;1997-05-19;4.50;35;0,100000001490116;10541
HANAR;38;2;1997-05-19;263.50;4;0,100000001490116;10541
HANAR;65;2;1997-05-19;21.05;36;0,100000001490116;10541
HANAR;71;2;1997-05-19;21.50;9;0,100000001490116;10541
KOENE;11;1;1997-05-20;21.00;15;0,0500000007450581;10542
KOENE;54;1;1997-05-20;7.45;24;0,0500000007450581;10542
LILAS;12;8;1997-05-21;38.00;30;0,150000005960464;10543
LILAS;23;8;1997-05-21;9.00;70;0,150000005960464;10543
LONEP;28;4;1997-05-21;45.60;7;0;10544
LONEP;67;4;1997-05-21;14.00;7;0;10544
LAZYK;11;8;1997-05-22;21.00;10;0;10545
VICTE;7;1;1997-05-23;30.00;10;0;10546
VICTE;35;1;1997-05-23;18.00;30;0;10546
VICTE;62;1;1997-05-23;49.30;40;0;10546
SEVES;32;3;1997-05-23;32.00;24;0,150000005960464;10547
SEVES;36;3;1997-05-23;19.00;60;0;10547
TOMSP;34;3;1997-05-26;14.00;10;0,25;10548
TOMSP;41;3;1997-05-26;9.65;14;0;10548
QUICK;31;5;1997-05-27;12.50;55;0,150000005960464;10549
QUICK;45;5;1997-05-27;9.50;100;0,150000005960464;10549
QUICK;51;5;1997-05-27;53.00;48;0,150000005960464;10549
GODOS;17;7;1997-05-28;39.00;8;0,100000001490116;10550
GODOS;19;7;1997-05-28;9.20;10;0;10550
GODOS;21;7;1997-05-28;10.00;6;0,100000001490116;10550
GODOS;61;7;1997-05-28;28.50;10;0,100000001490116;10550
FURIB;16;4;1997-05-28;17.45;40;0,150000005960464;10551
FURIB;35;4;1997-05-28;18.00;20;0,150000005960464;10551
FURIB;44;4;1997-05-28;19.45;40;0;10551
HILAA;69;2;1997-05-29;36.00;18;0;10552
HILAA;75;2;1997-05-29;7.75;30;0;10552
WARTH;11;2;1997-05-30;21.00;15;0;10553
WARTH;16;2;1997-05-30;17.45;14;0;10553
WARTH;22;2;1997-05-30;21.00;24;0;10553
WARTH;31;2;1997-05-30;12.50;30;0;10553
WARTH;35;2;1997-05-30;18.00;6;0;10553
OTTIK;16;4;1997-05-30;17.45;30;0,0500000007450581;10554
OTTIK;23;4;1997-05-30;9.00;20;0,0500000007450581;10554
OTTIK;62;4;1997-05-30;49.30;20;0,0500000007450581;10554
OTTIK;77;4;1997-05-30;13.00;10;0,0500000007450581;10554
SAVEA;14;6;1997-06-02;23.25;30;0,200000002980232;10555
SAVEA;19;6;1997-06-02;9.20;35;0,200000002980232;10555
SAVEA;24;6;1997-06-02;4.50;18;0,200000002980232;10555
SAVEA;51;6;1997-06-02;53.00;20;0,200000002980232;10555
SAVEA;56;6;1997-06-02;38.00;40;0,200000002980232;10555
SIMOB;72;2;1997-06-03;34.80;24;0;10556
LEHMS;64;9;1997-06-03;33.25;30;0;10557
LEHMS;75;9;1997-06-03;7.75;20;0;10557
AROUT;47;1;1997-06-04;9.50;25;0;10558
AROUT;51;1;1997-06-04;53.00;20;0;10558
AROUT;52;1;1997-06-04;7.00;30;0;10558
AROUT;53;1;1997-06-04;32.80;18;0;10558
AROUT;73;1;1997-06-04;15.00;3;0;10558
BLONP;41;6;1997-06-05;9.65;12;0,0500000007450581;10559
BLONP;55;6;1997-06-05;24.00;18;0,0500000007450581;10559
FRANK;30;8;1997-06-06;25.89;20;0;10560
FRANK;62;8;1997-06-06;49.30;15;0,25;10560
FOLKO;44;2;1997-06-06;19.45;10;0;10561
FOLKO;51;2;1997-06-06;53.00;50;0;10561
REGGC;33;1;1997-06-09;2.50;20;0,100000001490116;10562
REGGC;62;1;1997-06-09;49.30;10;0,100000001490116;10562
RICAR;36;2;1997-06-10;19.00;25;0;10563
RICAR;52;2;1997-06-10;7.00;70;0;10563
RATTC;17;4;1997-06-10;39.00;16;0,0500000007450581;10564
RATTC;31;4;1997-06-10;12.50;6;0,0500000007450581;10564
RATTC;55;4;1997-06-10;24.00;25;0,0500000007450581;10564
MEREP;24;8;1997-06-11;4.50;25;0,100000001490116;10565
MEREP;64;8;1997-06-11;33.25;18;0,100000001490116;10565
BLONP;11;9;1997-06-12;21.00;35;0,150000005960464;10566
BLONP;18;9;1997-06-12;62.50;18;0,150000005960464;10566
BLONP;76;9;1997-06-12;18.00;10;0;10566
HUNGO;31;1;1997-06-12;12.50;60;0,200000002980232;10567
HUNGO;51;1;1997-06-12;53.00;3;0;10567
HUNGO;59;1;1997-06-12;55.00;40;0,200000002980232;10567
GALED;10;3;1997-06-13;31.00;5;0;10568
RATTC;31;5;1997-06-16;12.50;35;0,200000002980232;10569
RATTC;76;5;1997-06-16;18.00;30;0;10569
MEREP;11;3;1997-06-17;21.00;15;0,0500000007450581;10570
MEREP;56;3;1997-06-17;38.00;60;0,0500000007450581;10570
ERNSH;14;8;1997-06-17;23.25;11;0,150000005960464;10571
ERNSH;42;8;1997-06-17;14.00;28;0,150000005960464;10571
BERGS;16;3;1997-06-18;17.45;12;0,100000001490116;10572
BERGS;32;3;1997-06-18;32.00;10;0,100000001490116;10572
BERGS;40;3;1997-06-18;18.40;50;0;10572
BERGS;75;3;1997-06-18;7.75;15;0,100000001490116;10572
ANTON;17;7;1997-06-19;39.00;18;0;10573
ANTON;34;7;1997-06-19;14.00;40;0;10573
ANTON;53;7;1997-06-19;32.80;25;0;10573
TRAIH;33;4;1997-06-19;2.50;14;0;10574
TRAIH;40;4;1997-06-19;18.40;2;0;10574
TRAIH;62;4;1997-06-19;49.30;10;0;10574
TRAIH;64;4;1997-06-19;33.25;6;0;10574
MORGK;59;5;1997-06-20;55.00;12;0;10575
MORGK;63;5;1997-06-20;43.90;6;0;10575
MORGK;72;5;1997-06-20;34.80;30;0;10575
MORGK;76;5;1997-06-20;18.00;10;0;10575
TORTU;1;3;1997-06-23;18.00;10;0;10576
TORTU;31;3;1997-06-23;12.50;20;0;10576
TORTU;44;3;1997-06-23;19.45;21;0;10576
TRAIH;39;9;1997-06-23;18.00;10;0;10577
TRAIH;75;9;1997-06-23;7.75;20;0;10577
TRAIH;77;9;1997-06-23;13.00;18;0;10577
BSBEV;35;4;1997-06-24;18.00;20;0;10578
BSBEV;57;4;1997-06-24;19.50;6;0;10578
LETSS;15;1;1997-06-25;15.50;10;0;10579
LETSS;75;1;1997-06-25;7.75;21;0;10579
OTTIK;14;4;1997-06-26;23.25;15;0,0500000007450581;10580
OTTIK;41;4;1997-06-26;9.65;9;0,0500000007450581;10580
OTTIK;65;4;1997-06-26;21.05;30;0,0500000007450581;10580
FAMIA;75;3;1997-06-26;7.75;50;0,200000002980232;10581
BLAUS;57;3;1997-06-27;19.50;4;0;10582
BLAUS;76;3;1997-06-27;18.00;14;0;10582
WARTH;29;2;1997-06-30;123.79;10;0;10583
WARTH;60;2;1997-06-30;34.00;24;0,150000005960464;10583
WARTH;69;2;1997-06-30;36.00;10;0,150000005960464;10583
BLONP;31;4;1997-06-30;12.50;50;0,0500000007450581;10584
WELLI;47;7;1997-07-01;9.50;15;0;10585
REGGC;52;9;1997-07-02;7.00;4;0,150000005960464;10586
QUEDE;26;1;1997-07-02;31.23;6;0;10587
QUEDE;35;1;1997-07-02;18.00;20;0;10587
QUEDE;77;1;1997-07-02;13.00;20;0;10587
QUICK;18;2;1997-07-03;62.50;40;0,200000002980232;10588
QUICK;42;2;1997-07-03;14.00;100;0,200000002980232;10588
GREAL;35;8;1997-07-04;18.00;4;0;10589
MEREP;1;4;1997-07-07;18.00;20;0;10590
MEREP;77;4;1997-07-07;13.00;60;0,0500000007450581;10590
VAFFE;3;1;1997-07-07;10.00;14;0;10591
VAFFE;7;1;1997-07-07;30.00;10;0;10591
VAFFE;54;1;1997-07-07;7.45;50;0;10591
LEHMS;15;3;1997-07-08;15.50;25;0,0500000007450581;10592
LEHMS;26;3;1997-07-08;31.23;5;0,0500000007450581;10592
LEHMS;20;7;1997-07-09;81.00;21;0,200000002980232;10593
LEHMS;69;7;1997-07-09;36.00;20;0,200000002980232;10593
LEHMS;76;7;1997-07-09;18.00;4;0,200000002980232;10593
OLDWO;52;3;1997-07-09;7.00;24;0;10594
OLDWO;58;3;1997-07-09;13.25;30;0;10594
ERNSH;35;2;1997-07-10;18.00;30;0,25;10595
ERNSH;61;2;1997-07-10;28.50;120;0,25;10595
ERNSH;69;2;1997-07-10;36.00;65;0,25;10595
WHITC;56;8;1997-07-11;38.00;5;0,200000002980232;10596
WHITC;63;8;1997-07-11;43.90;24;0,200000002980232;10596
WHITC;75;8;1997-07-11;7.75;30;0,200000002980232;10596
PICCO;24;7;1997-07-11;4.50;35;0,200000002980232;10597
PICCO;57;7;1997-07-11;19.50;20;0;10597
PICCO;65;7;1997-07-11;21.05;12;0,200000002980232;10597
RATTC;27;1;1997-07-14;43.90;50;0;10598
RATTC;71;1;1997-07-14;21.50;9;0;10598
BSBEV;62;6;1997-07-15;49.30;10;0;10599
HUNGC;54;4;1997-07-16;7.45;4;0;10600
HUNGC;73;4;1997-07-16;15.00;30;0;10600
HILAA;13;7;1997-07-16;6.00;60;0;10601
HILAA;59;7;1997-07-16;55.00;35;0;10601
VAFFE;77;8;1997-07-17;13.00;5;0,25;10602
SAVEA;22;8;1997-07-18;21.00;48;0;10603
SAVEA;49;8;1997-07-18;20.00;25;0,0500000007450581;10603
FURIB;48;1;1997-07-18;12.75;6;0,100000001490116;10604
FURIB;76;1;1997-07-18;18.00;10;0,100000001490116;10604
MEREP;16;1;1997-07-21;17.45;30;0,0500000007450581;10605
MEREP;59;1;1997-07-21;55.00;20;0,0500000007450581;10605
MEREP;60;1;1997-07-21;34.00;70;0,0500000007450581;10605
MEREP;71;1;1997-07-21;21.50;15;0,0500000007450581;10605
TRADH;4;4;1997-07-22;22.00;20;0,200000002980232;10606
TRADH;55;4;1997-07-22;24.00;20;0,200000002980232;10606
TRADH;62;4;1997-07-22;49.30;10;0,200000002980232;10606
SAVEA;7;5;1997-07-22;30.00;45;0;10607
SAVEA;17;5;1997-07-22;39.00;100;0;10607
SAVEA;33;5;1997-07-22;2.50;14;0;10607
SAVEA;40;5;1997-07-22;18.40;42;0;10607
SAVEA;72;5;1997-07-22;34.80;12;0;10607
TOMSP;56;4;1997-07-23;38.00;28;0;10608
DUMON;1;7;1997-07-24;18.00;3;0;10609
DUMON;10;7;1997-07-24;31.00;10;0;10609
DUMON;21;7;1997-07-24;10.00;6;0;10609
LAMAI;36;8;1997-07-25;19.00;21;0,25;10610
WOLZA;1;6;1997-07-25;18.00;6;0;10611
WOLZA;2;6;1997-07-25;19.00;10;0;10611
WOLZA;60;6;1997-07-25;34.00;15;0;10611
SAVEA;10;1;1997-07-28;31.00;70;0;10612
SAVEA;36;1;1997-07-28;19.00;55;0;10612
SAVEA;49;1;1997-07-28;20.00;18;0;10612
SAVEA;60;1;1997-07-28;34.00;40;0;10612
SAVEA;76;1;1997-07-28;18.00;80;0;10612
HILAA;13;4;1997-07-29;6.00;8;0,100000001490116;10613
HILAA;75;4;1997-07-29;7.75;40;0;10613
BLAUS;11;8;1997-07-29;21.00;14;0;10614
BLAUS;21;8;1997-07-29;10.00;8;0;10614
BLAUS;39;8;1997-07-29;18.00;5;0;10614
WILMK;55;2;1997-07-30;24.00;5;0;10615
GREAL;38;1;1997-07-31;263.50;15;0,0500000007450581;10616
GREAL;56;1;1997-07-31;38.00;14;0;10616
GREAL;70;1;1997-07-31;15.00;15;0,0500000007450581;10616
GREAL;71;1;1997-07-31;21.50;15;0,0500000007450581;10616
GREAL;59;4;1997-07-31;55.00;30;0,150000005960464;10617
MEREP;6;1;1997-08-01;25.00;70;0;10618
MEREP;56;1;1997-08-01;38.00;20;0;10618
MEREP;68;1;1997-08-01;12.50;15;0;10618
MEREP;21;3;1997-08-04;10.00;42;0;10619
MEREP;22;3;1997-08-04;21.00;40;0;10619
LAUGB;24;2;1997-08-05;4.50;5;0;10620
LAUGB;52;2;1997-08-05;7.00;5;0;10620
ISLAT;19;4;1997-08-05;9.20;5;0;10621
ISLAT;23;4;1997-08-05;9.00;10;0;10621
ISLAT;70;4;1997-08-05;15.00;20;0;10621
ISLAT;71;4;1997-08-05;21.50;15;0;10621
RICAR;2;4;1997-08-06;19.00;20;0;10622
RICAR;68;4;1997-08-06;12.50;18;0,200000002980232;10622
FRANK;14;8;1997-08-07;23.25;21;0;10623
FRANK;19;8;1997-08-07;9.20;15;0,100000001490116;10623
FRANK;21;8;1997-08-07;10.00;25;0,100000001490116;10623
FRANK;24;8;1997-08-07;4.50;3;0;10623
FRANK;35;8;1997-08-07;18.00;30;0,100000001490116;10623
THECR;28;4;1997-08-07;45.60;10;0;10624
THECR;29;4;1997-08-07;123.79;6;0;10624
THECR;44;4;1997-08-07;19.45;10;0;10624
ANATR;14;3;1997-08-08;23.25;3;0;10625
ANATR;42;3;1997-08-08;14.00;5;0;10625
ANATR;60;3;1997-08-08;34.00;10;0;10625
BERGS;53;1;1997-08-11;32.80;12;0;10626
BERGS;60;1;1997-08-11;34.00;20;0;10626
BERGS;71;1;1997-08-11;21.50;20;0;10626
SAVEA;62;8;1997-08-11;49.30;15;0;10627
SAVEA;73;8;1997-08-11;15.00;35;0,150000005960464;10627
BLONP;1;4;1997-08-12;18.00;25;0;10628
GODOS;29;4;1997-08-12;123.79;20;0;10629
GODOS;64;4;1997-08-12;33.25;9;0;10629
KOENE;55;1;1997-08-13;24.00;12;0,0500000007450581;10630
KOENE;76;1;1997-08-13;18.00;35;0;10630
LAMAI;75;8;1997-08-14;7.75;8;0,100000001490116;10631
WANDK;2;8;1997-08-14;19.00;30;0,0500000007450581;10632
WANDK;33;8;1997-08-14;2.50;20;0,0500000007450581;10632
ERNSH;12;7;1997-08-15;38.00;36;0,150000005960464;10633
ERNSH;13;7;1997-08-15;6.00;13;0,150000005960464;10633
ERNSH;26;7;1997-08-15;31.23;35;0,150000005960464;10633
ERNSH;62;7;1997-08-15;49.30;80;0,150000005960464;10633
FOLIG;7;4;1997-08-15;30.00;35;0;10634
FOLIG;18;4;1997-08-15;62.50;50;0;10634
FOLIG;51;4;1997-08-15;53.00;15;0;10634
FOLIG;75;4;1997-08-15;7.75;2;0;10634
MAGAA;4;8;1997-08-18;22.00;10;0,100000001490116;10635
MAGAA;5;8;1997-08-18;21.35;15;0,100000001490116;10635
MAGAA;22;8;1997-08-18;21.00;40;0;10635
WARTH;4;4;1997-08-19;22.00;25;0;10636
WARTH;58;4;1997-08-19;13.25;6;0;10636
QUEEN;11;6;1997-08-19;21.00;10;0;10637
QUEEN;50;6;1997-08-19;16.25;25;0,0500000007450581;10637
QUEEN;56;6;1997-08-19;38.00;60;0,0500000007450581;10637
LINOD;45;3;1997-08-20;9.50;20;0;10638
LINOD;65;3;1997-08-20;21.05;21;0;10638
LINOD;72;3;1997-08-20;34.80;60;0;10638
SANTG;18;7;1997-08-20;62.50;8;0;10639
WANDK;69;4;1997-08-21;36.00;20;0,25;10640
WANDK;70;4;1997-08-21;15.00;15;0,25;10640
HILAA;2;4;1997-08-22;19.00;50;0;10641
HILAA;40;4;1997-08-22;18.40;60;0;10641
SIMOB;21;7;1997-08-22;10.00;30;0,200000002980232;10642
SIMOB;61;7;1997-08-22;28.50;20;0,200000002980232;10642
ALFKI;28;6;1997-08-25;45.60;15;0,25;10643
ALFKI;39;6;1997-08-25;18.00;21;0,25;10643
ALFKI;46;6;1997-08-25;12.00;2;0,25;10643
WELLI;18;3;1997-08-25;62.50;4;0,100000001490116;10644
WELLI;43;3;1997-08-25;46.00;20;0;10644
WELLI;46;3;1997-08-25;12.00;21;0,100000001490116;10644
HANAR;18;4;1997-08-26;62.50;20;0;10645
HANAR;36;4;1997-08-26;19.00;15;0;10645
HUNGO;1;9;1997-08-27;18.00;15;0,25;10646
HUNGO;10;9;1997-08-27;31.00;18;0,25;10646
HUNGO;71;9;1997-08-27;21.50;30;0,25;10646
HUNGO;77;9;1997-08-27;13.00;35;0,25;10646
QUEDE;19;4;1997-08-27;9.20;30;0;10647
QUEDE;39;4;1997-08-27;18.00;20;0;10647
RICAR;22;5;1997-08-28;21.00;15;0;10648
RICAR;24;5;1997-08-28;4.50;15;0,150000005960464;10648
MAISD;28;5;1997-08-28;45.60;20;0;10649
MAISD;72;5;1997-08-28;34.80;15;0;10649
FAMIA;30;5;1997-08-29;25.89;30;0;10650
FAMIA;53;5;1997-08-29;32.80;25;0,0500000007450581;10650
FAMIA;54;5;1997-08-29;7.45;30;0;10650
WANDK;19;8;1997-09-01;9.20;12;0,25;10651
WANDK;22;8;1997-09-01;21.00;20;0,25;10651
GOURL;30;4;1997-09-01;25.89;2;0,25;10652
GOURL;42;4;1997-09-01;14.00;20;0;10652
FRANK;16;1;1997-09-02;17.45;30;0,100000001490116;10653
FRANK;60;1;1997-09-02;34.00;20;0,100000001490116;10653
BERGS;4;5;1997-09-02;22.00;12;0,100000001490116;10654
BERGS;39;5;1997-09-02;18.00;20;0,100000001490116;10654
BERGS;54;5;1997-09-02;7.45;6;0,100000001490116;10654
REGGC;41;1;1997-09-03;9.65;20;0,200000002980232;10655
GREAL;14;6;1997-09-04;23.25;3;0,100000001490116;10656
GREAL;44;6;1997-09-04;19.45;28;0,100000001490116;10656
GREAL;47;6;1997-09-04;9.50;6;0,100000001490116;10656
SAVEA;15;2;1997-09-04;15.50;50;0;10657
SAVEA;41;2;1997-09-04;9.65;24;0;10657
SAVEA;46;2;1997-09-04;12.00;45;0;10657
SAVEA;47;2;1997-09-04;9.50;10;0;10657
SAVEA;56;2;1997-09-04;38.00;45;0;10657
SAVEA;60;2;1997-09-04;34.00;30;0;10657
QUICK;21;4;1997-09-05;10.00;60;0;10658
QUICK;40;4;1997-09-05;18.40;70;0,0500000007450581;10658
QUICK;60;4;1997-09-05;34.00;55;0,0500000007450581;10658
QUICK;77;4;1997-09-05;13.00;70;0,0500000007450581;10658
QUEEN;31;7;1997-09-05;12.50;20;0,0500000007450581;10659
QUEEN;40;7;1997-09-05;18.40;24;0,0500000007450581;10659
QUEEN;70;7;1997-09-05;15.00;40;0,0500000007450581;10659
HUNGC;20;8;1997-09-08;81.00;21;0;10660
HUNGO;39;7;1997-09-09;18.00;3;0,200000002980232;10661
HUNGO;58;7;1997-09-09;13.25;49;0,200000002980232;10661
LONEP;68;3;1997-09-09;12.50;10;0;10662
BONAP;40;2;1997-09-10;18.40;30;0,0500000007450581;10663
BONAP;42;2;1997-09-10;14.00;30;0,0500000007450581;10663
BONAP;51;2;1997-09-10;53.00;20;0,0500000007450581;10663
FURIB;10;1;1997-09-10;31.00;24;0,150000005960464;10664
FURIB;56;1;1997-09-10;38.00;12;0,150000005960464;10664
FURIB;65;1;1997-09-10;21.05;15;0,150000005960464;10664
LONEP;51;1;1997-09-11;53.00;20;0;10665
LONEP;59;1;1997-09-11;55.00;1;0;10665
LONEP;76;1;1997-09-11;18.00;10;0;10665
RICSU;29;7;1997-09-12;123.79;36;0;10666
RICSU;65;7;1997-09-12;21.05;10;0;10666
ERNSH;69;7;1997-09-12;36.00;45;0,200000002980232;10667
ERNSH;71;7;1997-09-12;21.50;14;0,200000002980232;10667
WANDK;31;1;1997-09-15;12.50;8;0,100000001490116;10668
WANDK;55;1;1997-09-15;24.00;4;0,100000001490116;10668
WANDK;64;1;1997-09-15;33.25;15;0,100000001490116;10668
SIMOB;36;2;1997-09-15;19.00;30;0;10669
FRANK;23;4;1997-09-16;9.00;32;0;10670
FRANK;46;4;1997-09-16;12.00;60;0;10670
FRANK;67;4;1997-09-16;14.00;25;0;10670
FRANK;73;4;1997-09-16;15.00;50;0;10670
FRANK;75;4;1997-09-16;7.75;25;0;10670
FRANR;16;1;1997-09-17;17.45;10;0;10671
FRANR;62;1;1997-09-17;49.30;10;0;10671
FRANR;65;1;1997-09-17;21.05;12;0;10671
BERGS;38;9;1997-09-17;263.50;15;0,100000001490116;10672
BERGS;71;9;1997-09-17;21.50;12;0;10672
WILMK;16;2;1997-09-18;17.45;3;0;10673
WILMK;42;2;1997-09-18;14.00;6;0;10673
WILMK;43;2;1997-09-18;46.00;6;0;10673
ISLAT;23;4;1997-09-18;9.00;5;0;10674
FRANK;14;5;1997-09-19;23.25;30;0;10675
FRANK;53;5;1997-09-19;32.80;10;0;10675
FRANK;58;5;1997-09-19;13.25;30;0;10675
TORTU;10;2;1997-09-22;31.00;2;0;10676
TORTU;19;2;1997-09-22;9.20;7;0;10676
TORTU;44;2;1997-09-22;19.45;21;0;10676
ANTON;26;1;1997-09-22;31.23;30;0,150000005960464;10677
ANTON;33;1;1997-09-22;2.50;8;0,150000005960464;10677
SAVEA;12;7;1997-09-23;38.00;100;0;10678
SAVEA;33;7;1997-09-23;2.50;30;0;10678
SAVEA;41;7;1997-09-23;9.65;120;0;10678
SAVEA;54;7;1997-09-23;7.45;30;0;10678
BLONP;59;8;1997-09-23;55.00;12;0;10679
OLDWO;16;1;1997-09-24;17.45;50;0,25;10680
OLDWO;31;1;1997-09-24;12.50;20;0,25;10680
OLDWO;42;1;1997-09-24;14.00;40;0,25;10680
GREAL;19;3;1997-09-25;9.20;30;0,100000001490116;10681
GREAL;21;3;1997-09-25;10.00;12;0,100000001490116;10681
GREAL;64;3;1997-09-25;33.25;28;0;10681
ANTON;33;3;1997-09-25;2.50;30;0;10682
ANTON;66;3;1997-09-25;17.00;4;0;10682
ANTON;75;3;1997-09-25;7.75;30;0;10682
DUMON;52;2;1997-09-26;7.00;9;0;10683
OTTIK;40;3;1997-09-26;18.40;20;0;10684
OTTIK;47;3;1997-09-26;9.50;40;0;10684
OTTIK;60;3;1997-09-26;34.00;30;0;10684
GOURL;10;4;1997-09-29;31.00;20;0;10685
GOURL;41;4;1997-09-29;9.65;4;0;10685
GOURL;47;4;1997-09-29;9.50;15;0;10685
PICCO;17;2;1997-09-30;39.00;30;0,200000002980232;10686
PICCO;26;2;1997-09-30;31.23;15;0;10686
HUNGO;9;9;1997-09-30;97.00;50;0,25;10687
HUNGO;29;9;1997-09-30;123.79;10;0;10687
HUNGO;36;9;1997-09-30;19.00;6;0,25;10687
VAFFE;10;4;1997-10-01;31.00;18;0,100000001490116;10688
VAFFE;28;4;1997-10-01;45.60;60;0,100000001490116;10688
VAFFE;34;4;1997-10-01;14.00;14;0;10688
BERGS;1;1;1997-10-01;18.00;35;0,25;10689
HANAR;56;1;1997-10-02;38.00;20;0,25;10690
HANAR;77;1;1997-10-02;13.00;30;0,25;10690
QUICK;1;2;1997-10-03;18.00;30;0;10691
QUICK;29;2;1997-10-03;123.79;40;0;10691
QUICK;43;2;1997-10-03;46.00;40;0;10691
QUICK;44;2;1997-10-03;19.45;24;0;10691
QUICK;62;2;1997-10-03;49.30;48;0;10691
ALFKI;63;4;1997-10-03;43.90;20;0;10692
WHITC;9;3;1997-10-06;97.00;6;0;10693
WHITC;54;3;1997-10-06;7.45;60;0,150000005960464;10693
WHITC;69;3;1997-10-06;36.00;30;0,150000005960464;10693
WHITC;73;3;1997-10-06;15.00;15;0,150000005960464;10693
QUICK;7;8;1997-10-06;30.00;90;0;10694
QUICK;59;8;1997-10-06;55.00;25;0;10694
QUICK;70;8;1997-10-06;15.00;50;0;10694
WILMK;8;7;1997-10-07;40.00;10;0;10695
WILMK;12;7;1997-10-07;38.00;4;0;10695
WILMK;24;7;1997-10-07;4.50;20;0;10695
WHITC;17;8;1997-10-08;39.00;20;0;10696
WHITC;46;8;1997-10-08;12.00;18;0;10696
LINOD;19;3;1997-10-08;9.20;7;0,25;10697
LINOD;35;3;1997-10-08;18.00;9;0,25;10697
LINOD;58;3;1997-10-08;13.25;30;0,25;10697
LINOD;70;3;1997-10-08;15.00;30;0,25;10697
ERNSH;11;4;1997-10-09;21.00;15;0;10698
ERNSH;17;4;1997-10-09;39.00;8;0,0500000007450581;10698
ERNSH;29;4;1997-10-09;123.79;12;0,0500000007450581;10698
ERNSH;65;4;1997-10-09;21.05;65;0,0500000007450581;10698
ERNSH;70;4;1997-10-09;15.00;8;0,0500000007450581;10698
MORGK;47;3;1997-10-09;9.50;12;0;10699
SAVEA;1;3;1997-10-10;18.00;5;0,200000002980232;10700
SAVEA;34;3;1997-10-10;14.00;12;0,200000002980232;10700
SAVEA;68;3;1997-10-10;12.50;40;0,200000002980232;10700
SAVEA;71;3;1997-10-10;21.50;60;0,200000002980232;10700
HUNGO;59;6;1997-10-13;55.00;42;0,150000005960464;10701
HUNGO;71;6;1997-10-13;21.50;20;0,150000005960464;10701
HUNGO;76;6;1997-10-13;18.00;35;0,150000005960464;10701
ALFKI;3;4;1997-10-13;10.00;6;0;10702
ALFKI;76;4;1997-10-13;18.00;15;0;10702
FOLKO;2;6;1997-10-14;19.00;5;0;10703
FOLKO;59;6;1997-10-14;55.00;35;0;10703
FOLKO;73;6;1997-10-14;15.00;35;0;10703
QUEEN;4;6;1997-10-14;22.00;6;0;10704
QUEEN;24;6;1997-10-14;4.50;35;0;10704
QUEEN;48;6;1997-10-14;12.75;24;0;10704
HILAA;31;9;1997-10-15;12.50;20;0;10705
HILAA;32;9;1997-10-15;32.00;4;0;10705
OLDWO;16;8;1997-10-16;17.45;20;0;10706
OLDWO;43;8;1997-10-16;46.00;24;0;10706
OLDWO;59;8;1997-10-16;55.00;8;0;10706
AROUT;55;4;1997-10-16;24.00;21;0;10707
AROUT;57;4;1997-10-16;19.50;40;0;10707
AROUT;70;4;1997-10-16;15.00;28;0,150000005960464;10707
THEBI;5;6;1997-10-17;21.35;4;0;10708
THEBI;36;6;1997-10-17;19.00;5;0;10708
GOURL;8;1;1997-10-17;40.00;40;0;10709
GOURL;51;1;1997-10-17;53.00;28;0;10709
GOURL;60;1;1997-10-17;34.00;10;0;10709
FRANS;19;1;1997-10-20;9.20;5;0;10710
FRANS;47;1;1997-10-20;9.50;5;0;10710
SAVEA;19;5;1997-10-21;9.20;12;0;10711
SAVEA;41;5;1997-10-21;9.65;42;0;10711
SAVEA;53;5;1997-10-21;32.80;120;0;10711
HUNGO;53;3;1997-10-21;32.80;3;0,0500000007450581;10712
HUNGO;56;3;1997-10-21;38.00;30;0;10712
SAVEA;10;1;1997-10-22;31.00;18;0;10713
SAVEA;26;1;1997-10-22;31.23;30;0;10713
SAVEA;45;1;1997-10-22;9.50;110;0;10713
SAVEA;46;1;1997-10-22;12.00;24;0;10713
SAVEA;2;5;1997-10-22;19.00;30;0,25;10714
SAVEA;17;5;1997-10-22;39.00;27;0,25;10714
SAVEA;47;5;1997-10-22;9.50;50;0,25;10714
SAVEA;56;5;1997-10-22;38.00;18;0,25;10714
SAVEA;58;5;1997-10-22;13.25;12;0,25;10714
BONAP;10;3;1997-10-23;31.00;21;0;10715
BONAP;71;3;1997-10-23;21.50;30;0;10715
RANCH;21;4;1997-10-24;10.00;5;0;10716
RANCH;51;4;1997-10-24;53.00;7;0;10716
RANCH;61;4;1997-10-24;28.50;10;0;10716
FRANK;21;1;1997-10-24;10.00;32;0,0500000007450581;10717
FRANK;54;1;1997-10-24;7.45;15;0;10717
FRANK;69;1;1997-10-24;36.00;25;0,0500000007450581;10717
KOENE;12;1;1997-10-27;38.00;36;0;10718
KOENE;16;1;1997-10-27;17.45;20;0;10718
KOENE;36;1;1997-10-27;19.00;40;0;10718
KOENE;62;1;1997-10-27;49.30;20;0;10718
LETSS;18;8;1997-10-27;62.50;12;0,25;10719
LETSS;30;8;1997-10-27;25.89;3;0,25;10719
LETSS;54;8;1997-10-27;7.45;40;0,25;10719
QUEDE;35;8;1997-10-28;18.00;21;0;10720
QUEDE;71;8;1997-10-28;21.50;8;0;10720
QUICK;44;5;1997-10-29;19.45;50;0,0500000007450581;10721
SAVEA;2;8;1997-10-29;19.00;3;0;10722
SAVEA;31;8;1997-10-29;12.50;50;0;10722
SAVEA;68;8;1997-10-29;12.50;45;0;10722
SAVEA;75;8;1997-10-29;7.75;42;0;10722
WHITC;26;3;1997-10-30;31.23;15;0;10723
MEREP;10;8;1997-10-30;31.00;16;0;10724
MEREP;61;8;1997-10-30;28.50;5;0;10724
FAMIA;41;4;1997-10-31;9.65;12;0;10725
FAMIA;52;4;1997-10-31;7.00;4;0;10725
FAMIA;55;4;1997-10-31;24.00;6;0;10725
EASTC;4;4;1997-11-03;22.00;25;0;10726
EASTC;11;4;1997-11-03;21.00;5;0;10726
REGGC;17;2;1997-11-03;39.00;20;0,0500000007450581;10727
REGGC;56;2;1997-11-03;38.00;10;0,0500000007450581;10727
REGGC;59;2;1997-11-03;55.00;10;0,0500000007450581;10727
QUEEN;30;4;1997-11-04;25.89;15;0;10728
QUEEN;40;4;1997-11-04;18.40;6;0;10728
QUEEN;55;4;1997-11-04;24.00;12;0;10728
QUEEN;60;4;1997-11-04;34.00;15;0;10728
LINOD;1;8;1997-11-04;18.00;50;0;10729
LINOD;21;8;1997-11-04;10.00;30;0;10729
LINOD;50;8;1997-11-04;16.25;40;0;10729
BONAP;16;5;1997-11-05;17.45;15;0,0500000007450581;10730
BONAP;31;5;1997-11-05;12.50;3;0,0500000007450581;10730
BONAP;65;5;1997-11-05;21.05;10;0,0500000007450581;10730
CHOPS;21;7;1997-11-06;10.00;40;0,0500000007450581;10731
CHOPS;51;7;1997-11-06;53.00;30;0,0500000007450581;10731
BONAP;76;3;1997-11-06;18.00;20;0;10732
BERGS;14;1;1997-11-07;23.25;16;0;10733
BERGS;28;1;1997-11-07;45.60;20;0;10733
BERGS;52;1;1997-11-07;7.00;25;0;10733
GOURL;6;2;1997-11-07;25.00;30;0;10734
GOURL;30;2;1997-11-07;25.89;15;0;10734
GOURL;76;2;1997-11-07;18.00;20;0;10734
LETSS;61;6;1997-11-10;28.50;20;0,100000001490116;10735
LETSS;77;6;1997-11-10;13.00;2;0,100000001490116;10735
HUNGO;65;9;1997-11-11;21.05;40;0;10736
HUNGO;75;9;1997-11-11;7.75;20;0;10736
VINET;13;2;1997-11-11;6.00;4;0;10737
VINET;41;2;1997-11-11;9.65;12;0;10737
SPECD;16;2;1997-11-12;17.45;3;0;10738
VINET;36;3;1997-11-12;19.00;6;0;10739
VINET;52;3;1997-11-12;7.00;18;0;10739
WHITC;28;4;1997-11-13;45.60;5;0,200000002980232;10740
WHITC;35;4;1997-11-13;18.00;35;0,200000002980232;10740
WHITC;45;4;1997-11-13;9.50;40;0,200000002980232;10740
WHITC;56;4;1997-11-13;38.00;14;0,200000002980232;10740
AROUT;2;4;1997-11-14;19.00;15;0,200000002980232;10741
BOTTM;3;3;1997-11-14;10.00;20;0;10742
BOTTM;60;3;1997-11-14;34.00;50;0;10742
BOTTM;72;3;1997-11-14;34.80;35;0;10742
AROUT;46;1;1997-11-17;12.00;28;0,0500000007450581;10743
VAFFE;40;6;1997-11-17;18.40;50;0,200000002980232;10744
QUICK;18;9;1997-11-18;62.50;24;0;10745
QUICK;44;9;1997-11-18;19.45;16;0;10745
QUICK;59;9;1997-11-18;55.00;45;0;10745
QUICK;72;9;1997-11-18;34.80;7;0;10745
CHOPS;13;1;1997-11-19;6.00;6;0;10746
CHOPS;42;1;1997-11-19;14.00;28;0;10746
CHOPS;62;1;1997-11-19;49.30;9;0;10746
CHOPS;69;1;1997-11-19;36.00;40;0;10746
PICCO;31;6;1997-11-19;12.50;8;0;10747
PICCO;41;6;1997-11-19;9.65;35;0;10747
PICCO;63;6;1997-11-19;43.90;9;0;10747
PICCO;69;6;1997-11-19;36.00;30;0;10747
SAVEA;23;3;1997-11-20;9.00;44;0;10748
SAVEA;40;3;1997-11-20;18.40;40;0;10748
SAVEA;56;3;1997-11-20;38.00;28;0;10748
ISLAT;56;4;1997-11-20;38.00;15;0;10749
ISLAT;59;4;1997-11-20;55.00;6;0;10749
ISLAT;76;4;1997-11-20;18.00;10;0;10749
WARTH;14;9;1997-11-21;23.25;5;0,150000005960464;10750
WARTH;45;9;1997-11-21;9.50;40;0,150000005960464;10750
WARTH;59;9;1997-11-21;55.00;25;0,150000005960464;10750
RICSU;26;3;1997-11-24;31.23;12;0,100000001490116;10751
RICSU;30;3;1997-11-24;25.89;30;0;10751
RICSU;50;3;1997-11-24;16.25;20;0,100000001490116;10751
RICSU;73;3;1997-11-24;15.00;15;0;10751
NORTS;1;2;1997-11-24;18.00;8;0;10752
NORTS;69;2;1997-11-24;36.00;3;0;10752
FRANS;45;3;1997-11-25;9.50;4;0;10753
FRANS;74;3;1997-11-25;10.00;5;0;10753
MAGAA;40;6;1997-11-25;18.40;3;0;10754
BONAP;47;4;1997-11-26;9.50;30;0,25;10755
BONAP;56;4;1997-11-26;38.00;30;0,25;10755
BONAP;57;4;1997-11-26;19.50;14;0,25;10755
BONAP;69;4;1997-11-26;36.00;25;0,25;10755
SPLIR;18;8;1997-11-27;62.50;21;0,200000002980232;10756
SPLIR;36;8;1997-11-27;19.00;20;0,200000002980232;10756
SPLIR;68;8;1997-11-27;12.50;6;0,200000002980232;10756
SPLIR;69;8;1997-11-27;36.00;20;0,200000002980232;10756
SAVEA;34;6;1997-11-27;14.00;30;0;10757
SAVEA;59;6;1997-11-27;55.00;7;0;10757
SAVEA;62;6;1997-11-27;49.30;30;0;10757
SAVEA;64;6;1997-11-27;33.25;24;0;10757
RICSU;26;3;1997-11-28;31.23;20;0;10758
RICSU;52;3;1997-11-28;7.00;60;0;10758
RICSU;70;3;1997-11-28;15.00;40;0;10758
ANATR;32;3;1997-11-28;32.00;10;0;10759
MAISD;25;4;1997-12-01;14.00;12;0,25;10760
MAISD;27;4;1997-12-01;43.90;40;0;10760
MAISD;43;4;1997-12-01;46.00;30;0,25;10760
RATTC;25;5;1997-12-02;14.00;35;0,25;10761
RATTC;75;5;1997-12-02;7.75;18;0;10761
FOLKO;39;3;1997-12-02;18.00;16;0;10762
FOLKO;47;3;1997-12-02;9.50;30;0;10762
FOLKO;51;3;1997-12-02;53.00;28;0;10762
FOLKO;56;3;1997-12-02;38.00;60;0;10762
FOLIG;21;3;1997-12-03;10.00;40;0;10763
FOLIG;22;3;1997-12-03;21.00;6;0;10763
FOLIG;24;3;1997-12-03;4.50;20;0;10763
ERNSH;3;6;1997-12-03;10.00;20;0,100000001490116;10764
ERNSH;39;6;1997-12-03;18.00;130;0,100000001490116;10764
QUICK;65;3;1997-12-04;21.05;80;0,100000001490116;10765
OTTIK;2;4;1997-12-05;19.00;40;0;10766
OTTIK;7;4;1997-12-05;30.00;35;0;10766
OTTIK;68;4;1997-12-05;12.50;40;0;10766
SUPRD;42;4;1997-12-05;14.00;2;0;10767
AROUT;22;3;1997-12-08;21.00;4;0;10768
AROUT;31;3;1997-12-08;12.50;50;0;10768
AROUT;60;3;1997-12-08;34.00;15;0;10768
AROUT;71;3;1997-12-08;21.50;12;0;10768
VAFFE;41;3;1997-12-08;9.65;30;0,0500000007450581;10769
VAFFE;52;3;1997-12-08;7.00;15;0,0500000007450581;10769
VAFFE;61;3;1997-12-08;28.50;20;0;10769
VAFFE;62;3;1997-12-08;49.30;15;0;10769
HANAR;11;8;1997-12-09;21.00;15;0,25;10770
ERNSH;71;9;1997-12-10;21.50;16;0;10771
LEHMS;29;3;1997-12-10;123.79;18;0;10772
LEHMS;59;3;1997-12-10;55.00;25;0;10772
ERNSH;17;1;1997-12-11;39.00;33;0;10773
ERNSH;31;1;1997-12-11;12.50;70;0,200000002980232;10773
ERNSH;75;1;1997-12-11;7.75;7;0,200000002980232;10773
FOLKO;31;4;1997-12-11;12.50;2;0,25;10774
FOLKO;66;4;1997-12-11;17.00;50;0;10774
THECR;10;7;1997-12-12;31.00;6;0;10775
THECR;67;7;1997-12-12;14.00;3;0;10775
ERNSH;31;1;1997-12-15;12.50;16;0,0500000007450581;10776
ERNSH;42;1;1997-12-15;14.00;12;0,0500000007450581;10776
ERNSH;45;1;1997-12-15;9.50;27;0,0500000007450581;10776
ERNSH;51;1;1997-12-15;53.00;120;0,0500000007450581;10776
GOURL;42;7;1997-12-15;14.00;20;0,200000002980232;10777
BERGS;41;3;1997-12-16;9.65;10;0;10778
MORGK;16;3;1997-12-16;17.45;20;0;10779
MORGK;62;3;1997-12-16;49.30;20;0;10779
LILAS;70;2;1997-12-16;15.00;35;0;10780
LILAS;77;2;1997-12-16;13.00;15;0;10780
WARTH;54;2;1997-12-17;7.45;3;0,200000002980232;10781
WARTH;56;2;1997-12-17;38.00;20;0,200000002980232;10781
WARTH;74;2;1997-12-17;10.00;35;0;10781
CACTU;31;9;1997-12-17;12.50;1;0;10782
HANAR;31;4;1997-12-18;12.50;10;0;10783
HANAR;38;4;1997-12-18;263.50;5;0;10783
MAGAA;36;4;1997-12-18;19.00;30;0;10784
MAGAA;39;4;1997-12-18;18.00;2;0,150000005960464;10784
MAGAA;72;4;1997-12-18;34.80;30;0,150000005960464;10784
GROSR;10;1;1997-12-18;31.00;10;0;10785
GROSR;75;1;1997-12-18;7.75;10;0;10785
QUEEN;8;8;1997-12-19;40.00;30;0,200000002980232;10786
QUEEN;30;8;1997-12-19;25.89;15;0,200000002980232;10786
QUEEN;75;8;1997-12-19;7.75;42;0,200000002980232;10786
LAMAI;2;2;1997-12-19;19.00;15;0,0500000007450581;10787
LAMAI;29;2;1997-12-19;123.79;20;0,0500000007450581;10787
QUICK;19;1;1997-12-22;9.20;50;0,0500000007450581;10788
QUICK;75;1;1997-12-22;7.75;40;0,0500000007450581;10788
FOLIG;18;1;1997-12-22;62.50;30;0;10789
FOLIG;35;1;1997-12-22;18.00;15;0;10789
FOLIG;63;1;1997-12-22;43.90;30;0;10789
FOLIG;68;1;1997-12-22;12.50;18;0;10789
GOURL;7;6;1997-12-22;30.00;3;0,150000005960464;10790
GOURL;56;6;1997-12-22;38.00;20;0,150000005960464;10790
FRANK;29;6;1997-12-23;123.79;14;0,0500000007450581;10791
FRANK;41;6;1997-12-23;9.65;20;0,0500000007450581;10791
WOLZA;2;1;1997-12-23;19.00;10;0;10792
WOLZA;54;1;1997-12-23;7.45;3;0;10792
WOLZA;68;1;1997-12-23;12.50;15;0;10792
AROUT;41;3;1997-12-24;9.65;14;0;10793
AROUT;52;3;1997-12-24;7.00;8;0;10793
QUEDE;14;6;1997-12-24;23.25;15;0,200000002980232;10794
QUEDE;54;6;1997-12-24;7.45;6;0,200000002980232;10794
ERNSH;16;8;1997-12-24;17.45;65;0;10795
ERNSH;17;8;1997-12-24;39.00;35;0,25;10795
HILAA;26;3;1997-12-25;31.23;21;0,200000002980232;10796
HILAA;44;3;1997-12-25;19.45;10;0;10796
HILAA;64;3;1997-12-25;33.25;35;0,200000002980232;10796
HILAA;69;3;1997-12-25;36.00;24;0,200000002980232;10796
DRACD;11;7;1997-12-25;21.00;20;0;10797
ISLAT;62;2;1997-12-26;49.30;2;0;10798
ISLAT;72;2;1997-12-26;34.80;10;0;10798
KOENE;13;9;1997-12-26;6.00;20;0,150000005960464;10799
KOENE;24;9;1997-12-26;4.50;20;0,150000005960464;10799
KOENE;59;9;1997-12-26;55.00;25;0;10799
SEVES;11;1;1997-12-26;21.00;50;0,100000001490116;10800
SEVES;51;1;1997-12-26;53.00;10;0,100000001490116;10800
SEVES;54;1;1997-12-26;7.45;7;0,100000001490116;10800
BOLID;17;4;1997-12-29;39.00;40;0,25;10801
BOLID;29;4;1997-12-29;123.79;20;0,25;10801
SIMOB;30;4;1997-12-29;25.89;25;0,25;10802
SIMOB;51;4;1997-12-29;53.00;30;0,25;10802
SIMOB;55;4;1997-12-29;24.00;60;0,25;10802
SIMOB;62;4;1997-12-29;49.30;5;0,25;10802
WELLI;19;4;1997-12-30;9.20;24;0,0500000007450581;10803
WELLI;25;4;1997-12-30;14.00;15;0,0500000007450581;10803
WELLI;59;4;1997-12-30;55.00;15;0,0500000007450581;10803
SEVES;10;6;1997-12-30;31.00;36;0;10804
SEVES;28;6;1997-12-30;45.60;24;0;10804
SEVES;49;6;1997-12-30;20.00;4;0,150000005960464;10804
THEBI;34;2;1997-12-30;14.00;10;0;10805
THEBI;38;2;1997-12-30;263.50;10;0;10805
VICTE;2;3;1997-12-31;19.00;20;0,25;10806
VICTE;65;3;1997-12-31;21.05;2;0;10806
VICTE;74;3;1997-12-31;10.00;15;0,25;10806
FRANS;40;4;1997-12-31;18.40;1;0;10807
OLDWO;56;2;1998-01-01;38.00;20;0,150000005960464;10808
OLDWO;76;2;1998-01-01;18.00;50;0,150000005960464;10808
WELLI;52;7;1998-01-01;7.00;20;0;10809
LAUGB;13;2;1998-01-01;6.00;7;0;10810
LAUGB;25;2;1998-01-01;14.00;5;0;10810
LAUGB;70;2;1998-01-01;15.00;5;0;10810
LINOD;19;8;1998-01-02;9.20;15;0;10811
LINOD;23;8;1998-01-02;9.00;18;0;10811
LINOD;40;8;1998-01-02;18.40;30;0;10811
REGGC;31;5;1998-01-02;12.50;16;0,100000001490116;10812
REGGC;72;5;1998-01-02;34.80;40;0,100000001490116;10812
REGGC;77;5;1998-01-02;13.00;20;0;10812
RICAR;2;1;1998-01-05;19.00;12;0,200000002980232;10813
RICAR;46;1;1998-01-05;12.00;35;0;10813
VICTE;41;3;1998-01-05;9.65;20;0;10814
VICTE;43;3;1998-01-05;46.00;20;0,150000005960464;10814
VICTE;48;3;1998-01-05;12.75;8;0,150000005960464;10814
VICTE;61;3;1998-01-05;28.50;30;0,150000005960464;10814
SAVEA;33;2;1998-01-05;2.50;16;0;10815
GREAL;38;4;1998-01-06;263.50;30;0,0500000007450581;10816
GREAL;62;4;1998-01-06;49.30;20;0,0500000007450581;10816
KOENE;26;3;1998-01-06;31.23;40;0,150000005960464;10817
KOENE;38;3;1998-01-06;263.50;30;0;10817
KOENE;40;3;1998-01-06;18.40;60;0,150000005960464;10817
KOENE;62;3;1998-01-06;49.30;25;0,150000005960464;10817
MAGAA;32;7;1998-01-07;32.00;20;0;10818
MAGAA;41;7;1998-01-07;9.65;20;0;10818
CACTU;43;2;1998-01-07;46.00;7;0;10819
CACTU;75;2;1998-01-07;7.75;20;0;10819
RATTC;56;3;1998-01-07;38.00;30;0;10820
SPLIR;35;1;1998-01-08;18.00;20;0;10821
SPLIR;51;1;1998-01-08;53.00;6;0;10821
TRAIH;62;6;1998-01-08;49.30;3;0;10822
TRAIH;70;6;1998-01-08;15.00;6;0;10822
LILAS;11;5;1998-01-09;21.00;20;0,100000001490116;10823
LILAS;57;5;1998-01-09;19.50;15;0;10823
LILAS;59;5;1998-01-09;55.00;40;0,100000001490116;10823
LILAS;77;5;1998-01-09;13.00;15;0,100000001490116;10823
FOLKO;41;8;1998-01-09;9.65;12;0;10824
FOLKO;70;8;1998-01-09;15.00;9;0;10824
DRACD;26;1;1998-01-09;31.23;12;0;10825
DRACD;53;1;1998-01-09;32.80;20;0;10825
BLONP;31;6;1998-01-12;12.50;35;0;10826
BLONP;57;6;1998-01-12;19.50;15;0;10826
BONAP;10;1;1998-01-12;31.00;15;0;10827
BONAP;39;1;1998-01-12;18.00;21;0;10827
RANCH;20;9;1998-01-13;81.00;5;0;10828
RANCH;38;9;1998-01-13;263.50;2;0;10828
ISLAT;2;9;1998-01-13;19.00;10;0;10829
ISLAT;8;9;1998-01-13;40.00;20;0;10829
ISLAT;13;9;1998-01-13;6.00;10;0;10829
ISLAT;60;9;1998-01-13;34.00;21;0;10829
TRADH;6;4;1998-01-13;25.00;6;0;10830
TRADH;39;4;1998-01-13;18.00;28;0;10830
TRADH;60;4;1998-01-13;34.00;30;0;10830
TRADH;68;4;1998-01-13;12.50;24;0;10830
SANTG;19;3;1998-01-14;9.20;2;0;10831
SANTG;35;3;1998-01-14;18.00;8;0;10831
SANTG;38;3;1998-01-14;263.50;8;0;10831
SANTG;43;3;1998-01-14;46.00;9;0;10831
LAMAI;13;2;1998-01-14;6.00;3;0,200000002980232;10832
LAMAI;25;2;1998-01-14;14.00;10;0,200000002980232;10832
LAMAI;44;2;1998-01-14;19.45;16;0,200000002980232;10832
LAMAI;64;2;1998-01-14;33.25;3;0;10832
OTTIK;7;6;1998-01-15;30.00;20;0,100000001490116;10833
OTTIK;31;6;1998-01-15;12.50;9;0,100000001490116;10833
OTTIK;53;6;1998-01-15;32.80;9;0,100000001490116;10833
TRADH;29;1;1998-01-15;123.79;8;0,0500000007450581;10834
TRADH;30;1;1998-01-15;25.89;20;0,0500000007450581;10834
ALFKI;59;1;1998-01-15;55.00;15;0;10835
ALFKI;77;1;1998-01-15;13.00;2;0,200000002980232;10835
ERNSH;22;7;1998-01-16;21.00;52;0;10836
ERNSH;35;7;1998-01-16;18.00;6;0;10836
ERNSH;57;7;1998-01-16;19.50;24;0;10836
ERNSH;60;7;1998-01-16;34.00;60;0;10836
ERNSH;64;7;1998-01-16;33.25;30;0;10836
BERGS;13;9;1998-01-16;6.00;6;0;10837
BERGS;40;9;1998-01-16;18.40;25;0;10837
BERGS;47;9;1998-01-16;9.50;40;0,25;10837
BERGS;76;9;1998-01-16;18.00;21;0,25;10837
LINOD;1;3;1998-01-19;18.00;4;0,25;10838
LINOD;18;3;1998-01-19;62.50;25;0,25;10838
LINOD;36;3;1998-01-19;19.00;50;0,25;10838
TRADH;58;3;1998-01-19;13.25;30;0,100000001490116;10839
TRADH;72;3;1998-01-19;34.80;15;0,100000001490116;10839
LINOD;25;4;1998-01-19;14.00;6;0,200000002980232;10840
LINOD;39;4;1998-01-19;18.00;10;0,200000002980232;10840
SUPRD;10;5;1998-01-20;31.00;16;0;10841
SUPRD;56;5;1998-01-20;38.00;30;0;10841
SUPRD;59;5;1998-01-20;55.00;50;0;10841
SUPRD;77;5;1998-01-20;13.00;15;0;10841
TORTU;11;1;1998-01-20;21.00;15;0;10842
TORTU;43;1;1998-01-20;46.00;5;0;10842
TORTU;68;1;1998-01-20;12.50;20;0;10842
TORTU;70;1;1998-01-20;15.00;12;0;10842
VICTE;51;4;1998-01-21;53.00;4;0,25;10843
PICCO;22;8;1998-01-21;21.00;35;0;10844
QUICK;23;8;1998-01-21;9.00;70;0,100000001490116;10845
QUICK;35;8;1998-01-21;18.00;25;0,100000001490116;10845
QUICK;42;8;1998-01-21;14.00;42;0,100000001490116;10845
QUICK;58;8;1998-01-21;13.25;60;0,100000001490116;10845
QUICK;64;8;1998-01-21;33.25;48;0;10845
SUPRD;4;2;1998-01-22;22.00;21;0;10846
SUPRD;70;2;1998-01-22;15.00;30;0;10846
SUPRD;74;2;1998-01-22;10.00;20;0;10846
SAVEA;1;4;1998-01-22;18.00;80;0,200000002980232;10847
SAVEA;19;4;1998-01-22;9.20;12;0,200000002980232;10847
SAVEA;37;4;1998-01-22;26.00;60;0,200000002980232;10847
SAVEA;45;4;1998-01-22;9.50;36;0,200000002980232;10847
SAVEA;60;4;1998-01-22;34.00;45;0,200000002980232;10847
SAVEA;71;4;1998-01-22;21.50;55;0,200000002980232;10847
CONSH;5;7;1998-01-23;21.35;30;0;10848
CONSH;9;7;1998-01-23;97.00;3;0;10848
KOENE;3;9;1998-01-23;10.00;49;0;10849
KOENE;26;9;1998-01-23;31.23;18;0,150000005960464;10849
VICTE;25;1;1998-01-23;14.00;20;0,150000005960464;10850
VICTE;33;1;1998-01-23;2.50;4;0,150000005960464;10850
VICTE;70;1;1998-01-23;15.00;30;0,150000005960464;10850
RICAR;2;5;1998-01-26;19.00;5;0,0500000007450581;10851
RICAR;25;5;1998-01-26;14.00;10;0,0500000007450581;10851
RICAR;57;5;1998-01-26;19.50;10;0,0500000007450581;10851
RICAR;59;5;1998-01-26;55.00;42;0,0500000007450581;10851
RATTC;2;8;1998-01-26;19.00;15;0;10852
RATTC;17;8;1998-01-26;39.00;6;0;10852
RATTC;62;8;1998-01-26;49.30;50;0;10852
BLAUS;18;9;1998-01-27;62.50;10;0;10853
ERNSH;10;3;1998-01-27;31.00;100;0,150000005960464;10854
ERNSH;13;3;1998-01-27;6.00;65;0,150000005960464;10854
OLDWO;16;3;1998-01-27;17.45;50;0;10855
OLDWO;31;3;1998-01-27;12.50;14;0;10855
OLDWO;56;3;1998-01-27;38.00;24;0;10855
OLDWO;65;3;1998-01-27;21.05;15;0,150000005960464;10855
ANTON;2;3;1998-01-28;19.00;20;0;10856
ANTON;42;3;1998-01-28;14.00;20;0;10856
BERGS;3;8;1998-01-28;10.00;30;0;10857
BERGS;26;8;1998-01-28;31.23;35;0,25;10857
BERGS;29;8;1998-01-28;123.79;10;0,25;10857
LACOR;7;2;1998-01-29;30.00;5;0;10858
LACOR;27;2;1998-01-29;43.90;10;0;10858
LACOR;70;2;1998-01-29;15.00;4;0;10858
FRANK;24;1;1998-01-29;4.50;40;0,25;10859
FRANK;54;1;1998-01-29;7.45;35;0,25;10859
FRANK;64;1;1998-01-29;33.25;30;0,25;10859
FRANR;51;3;1998-01-29;53.00;3;0;10860
FRANR;76;3;1998-01-29;18.00;20;0;10860
WHITC;17;4;1998-01-30;39.00;42;0;10861
WHITC;18;4;1998-01-30;62.50;20;0;10861
WHITC;21;4;1998-01-30;10.00;40;0;10861
WHITC;33;4;1998-01-30;2.50;35;0;10861
WHITC;62;4;1998-01-30;49.30;3;0;10861
LEHMS;11;8;1998-01-30;21.00;25;0;10862
LEHMS;52;8;1998-01-30;7.00;8;0;10862
HILAA;1;4;1998-02-02;18.00;20;0,150000005960464;10863
HILAA;58;4;1998-02-02;13.25;12;0,150000005960464;10863
AROUT;35;4;1998-02-02;18.00;4;0;10864
AROUT;67;4;1998-02-02;14.00;15;0;10864
QUICK;38;2;1998-02-02;263.50;60;0,0500000007450581;10865
QUICK;39;2;1998-02-02;18.00;80;0,0500000007450581;10865
BERGS;2;5;1998-02-03;19.00;21;0,25;10866
BERGS;24;5;1998-02-03;4.50;6;0,25;10866
BERGS;30;5;1998-02-03;25.89;40;0,25;10866
LONEP;53;6;1998-02-03;32.80;3;0;10867
QUEEN;26;7;1998-02-04;31.23;20;0;10868
QUEEN;35;7;1998-02-04;18.00;30;0;10868
QUEEN;49;7;1998-02-04;20.00;42;0,100000001490116;10868
SEVES;1;5;1998-02-04;18.00;40;0;10869
SEVES;11;5;1998-02-04;21.00;10;0;10869
SEVES;23;5;1998-02-04;9.00;50;0;10869
SEVES;68;5;1998-02-04;12.50;20;0;10869
WOLZA;35;5;1998-02-04;18.00;3;0;10870
WOLZA;51;5;1998-02-04;53.00;2;0;10870
BONAP;6;9;1998-02-05;25.00;50;0,0500000007450581;10871
BONAP;16;9;1998-02-05;17.45;12;0,0500000007450581;10871
BONAP;17;9;1998-02-05;39.00;16;0,0500000007450581;10871
GODOS;55;5;1998-02-05;24.00;10;0,0500000007450581;10872
GODOS;62;5;1998-02-05;49.30;20;0,0500000007450581;10872
GODOS;64;5;1998-02-05;33.25;15;0,0500000007450581;10872
GODOS;65;5;1998-02-05;21.05;21;0,0500000007450581;10872
WILMK;21;4;1998-02-06;10.00;20;0;10873
WILMK;28;4;1998-02-06;45.60;3;0;10873
GODOS;10;5;1998-02-06;31.00;10;0;10874
BERGS;19;4;1998-02-06;9.20;25;0;10875
BERGS;47;4;1998-02-06;9.50;21;0,100000001490116;10875
BERGS;49;4;1998-02-06;20.00;15;0;10875
BONAP;46;7;1998-02-09;12.00;21;0;10876
BONAP;64;7;1998-02-09;33.25;20;0;10876
RICAR;16;1;1998-02-09;17.45;30;0,25;10877
RICAR;18;1;1998-02-09;62.50;25;0;10877
QUICK;20;4;1998-02-10;81.00;20;0,0500000007450581;10878
WILMK;40;3;1998-02-10;18.40;12;0;10879
WILMK;65;3;1998-02-10;21.05;10;0;10879
WILMK;76;3;1998-02-10;18.00;10;0;10879
FOLKO;23;7;1998-02-10;9.00;30;0,200000002980232;10880
FOLKO;61;7;1998-02-10;28.50;30;0,200000002980232;10880
FOLKO;70;7;1998-02-10;15.00;50;0,200000002980232;10880
CACTU;73;4;1998-02-11;15.00;10;0;10881
SAVEA;42;4;1998-02-11;14.00;25;0;10882
SAVEA;49;4;1998-02-11;20.00;20;0,150000005960464;10882
SAVEA;54;4;1998-02-11;7.45;32;0,150000005960464;10882
LONEP;24;8;1998-02-12;4.50;8;0;10883
LETSS;21;4;1998-02-12;10.00;40;0,0500000007450581;10884
LETSS;56;4;1998-02-12;38.00;21;0,0500000007450581;10884
LETSS;65;4;1998-02-12;21.05;12;0,0500000007450581;10884
SUPRD;2;6;1998-02-12;19.00;20;0;10885
SUPRD;24;6;1998-02-12;4.50;12;0;10885
SUPRD;70;6;1998-02-12;15.00;30;0;10885
SUPRD;77;6;1998-02-12;13.00;25;0;10885
HANAR;10;1;1998-02-13;31.00;70;0;10886
HANAR;31;1;1998-02-13;12.50;35;0;10886
HANAR;77;1;1998-02-13;13.00;40;0;10886
GALED;25;8;1998-02-13;14.00;5;0;10887
GODOS;2;1;1998-02-16;19.00;20;0;10888
GODOS;68;1;1998-02-16;12.50;18;0;10888
RATTC;11;9;1998-02-16;21.00;40;0;10889
RATTC;38;9;1998-02-16;263.50;40;0;10889
DUMON;17;7;1998-02-16;39.00;15;0;10890
DUMON;34;7;1998-02-16;14.00;10;0;10890
DUMON;41;7;1998-02-16;9.65;14;0;10890
LEHMS;30;7;1998-02-17;25.89;15;0,0500000007450581;10891
MAISD;59;4;1998-02-17;55.00;40;0,0500000007450581;10892
KOENE;8;9;1998-02-18;40.00;30;0;10893
KOENE;24;9;1998-02-18;4.50;10;0;10893
KOENE;29;9;1998-02-18;123.79;24;0;10893
KOENE;30;9;1998-02-18;25.89;35;0;10893
KOENE;36;9;1998-02-18;19.00;20;0;10893
SAVEA;13;1;1998-02-18;6.00;28;0,0500000007450581;10894
SAVEA;69;1;1998-02-18;36.00;50;0,0500000007450581;10894
SAVEA;75;1;1998-02-18;7.75;120;0,0500000007450581;10894
ERNSH;24;3;1998-02-18;4.50;110;0;10895
ERNSH;39;3;1998-02-18;18.00;45;0;10895
ERNSH;40;3;1998-02-18;18.40;91;0;10895
ERNSH;60;3;1998-02-18;34.00;100;0;10895
MAISD;45;7;1998-02-19;9.50;15;0;10896
MAISD;56;7;1998-02-19;38.00;16;0;10896
HUNGO;29;3;1998-02-19;123.79;80;0;10897
HUNGO;30;3;1998-02-19;25.89;36;0;10897
OCEAN;13;4;1998-02-20;6.00;5;0;10898
LILAS;39;5;1998-02-20;18.00;8;0,150000005960464;10899
WELLI;70;1;1998-02-20;15.00;3;0,25;10900
HILAA;41;4;1998-02-23;9.65;30;0;10901
HILAA;71;4;1998-02-23;21.50;30;0;10901
FOLKO;55;1;1998-02-23;24.00;30;0,150000005960464;10902
FOLKO;62;1;1998-02-23;49.30;6;0,150000005960464;10902
HANAR;13;3;1998-02-24;6.00;40;0;10903
HANAR;65;3;1998-02-24;21.05;21;0;10903
HANAR;68;3;1998-02-24;12.50;20;0;10903
WHITC;58;3;1998-02-24;13.25;15;0;10904
WHITC;62;3;1998-02-24;49.30;35;0;10904
WELLI;1;9;1998-02-24;18.00;20;0,0500000007450581;10905
WOLZA;61;4;1998-02-25;28.50;15;0;10906
SPECD;75;6;1998-02-25;7.75;14;0;10907
REGGC;7;4;1998-02-26;30.00;20;0,0500000007450581;10908
REGGC;52;4;1998-02-26;7.00;14;0,0500000007450581;10908
SANTG;7;1;1998-02-26;30.00;12;0;10909
SANTG;16;1;1998-02-26;17.45;15;0;10909
SANTG;41;1;1998-02-26;9.65;5;0;10909
WILMK;19;1;1998-02-26;9.20;12;0;10910
WILMK;49;1;1998-02-26;20.00;10;0;10910
WILMK;61;1;1998-02-26;28.50;5;0;10910
GODOS;1;3;1998-02-26;18.00;10;0;10911
GODOS;17;3;1998-02-26;39.00;12;0;10911
GODOS;67;3;1998-02-26;14.00;15;0;10911
HUNGO;11;2;1998-02-26;21.00;40;0,25;10912
HUNGO;29;2;1998-02-26;123.79;60;0,25;10912
QUEEN;4;4;1998-02-26;22.00;30;0,25;10913
QUEEN;33;4;1998-02-26;2.50;40;0,25;10913
QUEEN;58;4;1998-02-26;13.25;15;0;10913
QUEEN;71;6;1998-02-27;21.50;25;0;10914
TORTU;17;2;1998-02-27;39.00;10;0;10915
TORTU;33;2;1998-02-27;2.50;30;0;10915
TORTU;54;2;1998-02-27;7.45;10;0;10915
RANCH;16;1;1998-02-27;17.45;6;0;10916
RANCH;32;1;1998-02-27;32.00;6;0;10916
RANCH;57;1;1998-02-27;19.50;20;0;10916
ROMEY;30;4;1998-03-02;25.89;1;0;10917
ROMEY;60;4;1998-03-02;34.00;10;0;10917
BOTTM;1;3;1998-03-02;18.00;60;0,25;10918
BOTTM;60;3;1998-03-02;34.00;25;0,25;10918
LINOD;16;2;1998-03-02;17.45;24;0;10919
LINOD;25;2;1998-03-02;14.00;24;0;10919
LINOD;40;2;1998-03-02;18.40;20;0;10919
AROUT;50;4;1998-03-03;16.25;24;0;10920
VAFFE;35;1;1998-03-03;18.00;10;0;10921
VAFFE;63;1;1998-03-03;43.90;40;0;10921
HANAR;17;5;1998-03-03;39.00;15;0;10922
HANAR;24;5;1998-03-03;4.50;35;0;10922
LAMAI;42;7;1998-03-03;14.00;10;0,200000002980232;10923
LAMAI;43;7;1998-03-03;46.00;10;0,200000002980232;10923
LAMAI;67;7;1998-03-03;14.00;24;0,200000002980232;10923
BERGS;10;3;1998-03-04;31.00;20;0,100000001490116;10924
BERGS;28;3;1998-03-04;45.60;30;0,100000001490116;10924
BERGS;75;3;1998-03-04;7.75;6;0;10924
HANAR;36;3;1998-03-04;19.00;25;0,150000005960464;10925
HANAR;52;3;1998-03-04;7.00;12;0,150000005960464;10925
ANATR;11;4;1998-03-04;21.00;2;0;10926
ANATR;13;4;1998-03-04;6.00;10;0;10926
ANATR;19;4;1998-03-04;9.20;7;0;10926
ANATR;72;4;1998-03-04;34.80;10;0;10926
LACOR;20;4;1998-03-05;81.00;5;0;10927
LACOR;52;4;1998-03-05;7.00;5;0;10927
LACOR;76;4;1998-03-05;18.00;20;0;10927
GALED;47;1;1998-03-05;9.50;5;0;10928
GALED;76;1;1998-03-05;18.00;5;0;10928
FRANK;21;6;1998-03-05;10.00;60;0;10929
FRANK;75;6;1998-03-05;7.75;49;0;10929
FRANK;77;6;1998-03-05;13.00;15;0;10929
SUPRD;21;4;1998-03-06;10.00;36;0;10930
SUPRD;27;4;1998-03-06;43.90;25;0;10930
SUPRD;55;4;1998-03-06;24.00;25;0,200000002980232;10930
SUPRD;58;4;1998-03-06;13.25;30;0,200000002980232;10930
RICSU;13;4;1998-03-06;6.00;42;0,150000005960464;10931
RICSU;57;4;1998-03-06;19.50;30;0;10931
BONAP;16;8;1998-03-06;17.45;30;0,100000001490116;10932
BONAP;62;8;1998-03-06;49.30;14;0,100000001490116;10932
BONAP;72;8;1998-03-06;34.80;16;0;10932
BONAP;75;8;1998-03-06;7.75;20;0,100000001490116;10932
ISLAT;53;6;1998-03-06;32.80;2;0;10933
ISLAT;61;6;1998-03-06;28.50;30;0;10933
LEHMS;6;3;1998-03-09;25.00;20;0;10934
WELLI;1;4;1998-03-09;18.00;21;0;10935
WELLI;18;4;1998-03-09;62.50;4;0,25;10935
WELLI;23;4;1998-03-09;9.00;8;0,25;10935
GREAL;36;3;1998-03-09;19.00;30;0,200000002980232;10936
CACTU;28;7;1998-03-10;45.60;8;0;10937
CACTU;34;7;1998-03-10;14.00;20;0;10937
QUICK;13;3;1998-03-10;6.00;20;0,25;10938
QUICK;43;3;1998-03-10;46.00;24;0,25;10938
QUICK;60;3;1998-03-10;34.00;49;0,25;10938
QUICK;71;3;1998-03-10;21.50;35;0,25;10938
MAGAA;2;2;1998-03-10;19.00;10;0,150000005960464;10939
MAGAA;67;2;1998-03-10;14.00;40;0,150000005960464;10939
BONAP;7;8;1998-03-11;30.00;8;0;10940
BONAP;13;8;1998-03-11;6.00;20;0;10940
SAVEA;31;7;1998-03-11;12.50;44;0,25;10941
SAVEA;62;7;1998-03-11;49.30;30;0,25;10941
SAVEA;68;7;1998-03-11;12.50;80;0,25;10941
SAVEA;72;7;1998-03-11;34.80;50;0;10941
REGGC;49;9;1998-03-11;20.00;28;0;10942
BSBEV;13;4;1998-03-11;6.00;15;0;10943
BSBEV;22;4;1998-03-11;21.00;21;0;10943
BSBEV;46;4;1998-03-11;12.00;15;0;10943
BOTTM;11;6;1998-03-12;21.00;5;0,25;10944
BOTTM;44;6;1998-03-12;19.45;18;0,25;10944
BOTTM;56;6;1998-03-12;38.00;18;0;10944
MORGK;13;4;1998-03-12;6.00;20;0;10945
MORGK;31;4;1998-03-12;12.50;10;0;10945
VAFFE;10;1;1998-03-12;31.00;25;0;10946
VAFFE;24;1;1998-03-12;4.50;25;0;10946
VAFFE;77;1;1998-03-12;13.00;40;0;10946
BSBEV;59;3;1998-03-13;55.00;4;0;10947
GODOS;50;3;1998-03-13;16.25;9;0;10948
GODOS;51;3;1998-03-13;53.00;40;0;10948
GODOS;55;3;1998-03-13;24.00;4;0;10948
BOTTM;6;2;1998-03-13;25.00;12;0;10949
BOTTM;10;2;1998-03-13;31.00;30;0;10949
BOTTM;17;2;1998-03-13;39.00;6;0;10949
BOTTM;62;2;1998-03-13;49.30;60;0;10949
MAGAA;4;1;1998-03-16;22.00;5;0;10950
RICSU;33;9;1998-03-16;2.50;15;0,0500000007450581;10951
RICSU;41;9;1998-03-16;9.65;6;0,0500000007450581;10951
RICSU;75;9;1998-03-16;7.75;50;0,0500000007450581;10951
ALFKI;6;1;1998-03-16;25.00;16;0,0500000007450581;10952
ALFKI;28;1;1998-03-16;45.60;2;0;10952
AROUT;20;9;1998-03-16;81.00;50;0,0500000007450581;10953
AROUT;31;9;1998-03-16;12.50;50;0,0500000007450581;10953
LINOD;16;5;1998-03-17;17.45;28;0,150000005960464;10954
LINOD;31;5;1998-03-17;12.50;25;0,150000005960464;10954
LINOD;45;5;1998-03-17;9.50;30;0;10954
LINOD;60;5;1998-03-17;34.00;24;0,150000005960464;10954
FOLKO;75;8;1998-03-17;7.75;12;0,200000002980232;10955
BLAUS;21;6;1998-03-17;10.00;12;0;10956
BLAUS;47;6;1998-03-17;9.50;14;0;10956
BLAUS;51;6;1998-03-17;53.00;8;0;10956
HILAA;30;8;1998-03-18;25.89;30;0;10957
HILAA;35;8;1998-03-18;18.00;40;0;10957
HILAA;64;8;1998-03-18;33.25;8;0;10957
OCEAN;5;7;1998-03-18;21.35;20;0;10958
OCEAN;7;7;1998-03-18;30.00;6;0;10958
OCEAN;72;7;1998-03-18;34.80;5;0;10958
GOURL;75;6;1998-03-18;7.75;20;0,150000005960464;10959
HILAA;24;3;1998-03-19;4.50;10;0,25;10960
HILAA;41;3;1998-03-19;9.65;24;0;10960
QUEEN;52;8;1998-03-19;7.00;6;0,0500000007450581;10961
QUEEN;76;8;1998-03-19;18.00;60;0;10961
QUICK;7;8;1998-03-19;30.00;45;0;10962
QUICK;13;8;1998-03-19;6.00;77;0;10962
QUICK;53;8;1998-03-19;32.80;20;0;10962
QUICK;69;8;1998-03-19;36.00;9;0;10962
QUICK;76;8;1998-03-19;18.00;44;0;10962
FURIB;60;9;1998-03-19;34.00;2;0,150000005960464;10963
SPECD;18;3;1998-03-20;62.50;6;0;10964
SPECD;38;3;1998-03-20;263.50;5;0;10964
SPECD;69;3;1998-03-20;36.00;10;0;10964
OLDWO;51;6;1998-03-20;53.00;16;0;10965
CHOPS;37;4;1998-03-20;26.00;8;0;10966
CHOPS;56;4;1998-03-20;38.00;12;0,150000005960464;10966
CHOPS;62;4;1998-03-20;49.30;12;0,150000005960464;10966
TOMSP;19;2;1998-03-23;9.20;12;0;10967
TOMSP;49;2;1998-03-23;20.00;40;0;10967
ERNSH;12;1;1998-03-23;38.00;30;0;10968
ERNSH;24;1;1998-03-23;4.50;30;0;10968
ERNSH;64;1;1998-03-23;33.25;4;0;10968
COMMI;46;1;1998-03-23;12.00;9;0;10969
BOLID;52;9;1998-03-24;7.00;40;0,200000002980232;10970
FRANR;29;2;1998-03-24;123.79;14;0;10971
LACOR;17;4;1998-03-24;39.00;6;0;10972
LACOR;33;4;1998-03-24;2.50;7;0;10972
LACOR;26;6;1998-03-24;31.23;5;0;10973
LACOR;41;6;1998-03-24;9.65;6;0;10973
LACOR;75;6;1998-03-24;7.75;10;0;10973
SPLIR;63;3;1998-03-25;43.90;10;0;10974
BOTTM;8;1;1998-03-25;40.00;16;0;10975
BOTTM;75;1;1998-03-25;7.75;10;0;10975
HILAA;28;1;1998-03-25;45.60;20;0;10976
FOLKO;39;8;1998-03-26;18.00;30;0;10977
FOLKO;47;8;1998-03-26;9.50;30;0;10977
FOLKO;51;8;1998-03-26;53.00;10;0;10977
FOLKO;63;8;1998-03-26;43.90;20;0;10977
MAISD;8;9;1998-03-26;40.00;20;0,150000005960464;10978
MAISD;21;9;1998-03-26;10.00;40;0,150000005960464;10978
MAISD;40;9;1998-03-26;18.40;10;0;10978
MAISD;44;9;1998-03-26;19.45;6;0,150000005960464;10978
ERNSH;7;8;1998-03-26;30.00;18;0;10979
ERNSH;12;8;1998-03-26;38.00;20;0;10979
ERNSH;24;8;1998-03-26;4.50;80;0;10979
ERNSH;27;8;1998-03-26;43.90;30;0;10979
ERNSH;31;8;1998-03-26;12.50;24;0;10979
ERNSH;63;8;1998-03-26;43.90;35;0;10979
FOLKO;75;4;1998-03-27;7.75;40;0,200000002980232;10980
HANAR;38;1;1998-03-27;263.50;60;0;10981
BOTTM;7;2;1998-03-27;30.00;20;0;10982
BOTTM;43;2;1998-03-27;46.00;9;0;10982
SAVEA;13;2;1998-03-27;6.00;84;0,150000005960464;10983
SAVEA;57;2;1998-03-27;19.50;15;0;10983
SAVEA;16;1;1998-03-30;17.45;55;0;10984
SAVEA;24;1;1998-03-30;4.50;20;0;10984
SAVEA;36;1;1998-03-30;19.00;40;0;10984
HUNGO;16;2;1998-03-30;17.45;36;0,100000001490116;10985
HUNGO;18;2;1998-03-30;62.50;8;0,100000001490116;10985
HUNGO;32;2;1998-03-30;32.00;35;0,100000001490116;10985
OCEAN;11;8;1998-03-30;21.00;30;0;10986
OCEAN;20;8;1998-03-30;81.00;15;0;10986
OCEAN;76;8;1998-03-30;18.00;10;0;10986
OCEAN;77;8;1998-03-30;13.00;15;0;10986
EASTC;7;8;1998-03-31;30.00;60;0;10987
EASTC;43;8;1998-03-31;46.00;6;0;10987
EASTC;72;8;1998-03-31;34.80;20;0;10987
RATTC;7;3;1998-03-31;30.00;60;0;10988
RATTC;62;3;1998-03-31;49.30;40;0,100000001490116;10988
QUEDE;6;2;1998-03-31;25.00;40;0;10989
QUEDE;11;2;1998-03-31;21.00;15;0;10989
QUEDE;41;2;1998-03-31;9.65;4;0;10989
ERNSH;21;2;1998-04-01;10.00;65;0;10990
ERNSH;34;2;1998-04-01;14.00;60;0,150000005960464;10990
ERNSH;55;2;1998-04-01;24.00;65;0,150000005960464;10990
ERNSH;61;2;1998-04-01;28.50;66;0,150000005960464;10990
QUICK;2;1;1998-04-01;19.00;50;0,200000002980232;10991
QUICK;70;1;1998-04-01;15.00;20;0,200000002980232;10991
QUICK;76;1;1998-04-01;18.00;90;0,200000002980232;10991
THEBI;72;1;1998-04-01;34.80;2;0;10992
FOLKO;29;7;1998-04-01;123.79;50;0,25;10993
FOLKO;41;7;1998-04-01;9.65;35;0,25;10993
VAFFE;59;2;1998-04-02;55.00;18;0,0500000007450581;10994
PERIC;51;1;1998-04-02;53.00;20;0;10995
PERIC;60;1;1998-04-02;34.00;4;0;10995
QUICK;42;4;1998-04-02;14.00;40;0;10996
LILAS;32;8;1998-04-03;32.00;50;0;10997
LILAS;46;8;1998-04-03;12.00;20;0,25;10997
LILAS;52;8;1998-04-03;7.00;20;0,25;10997
WOLZA;24;8;1998-04-03;4.50;12;0;10998
WOLZA;61;8;1998-04-03;28.50;7;0;10998
WOLZA;74;8;1998-04-03;10.00;20;0;10998
WOLZA;75;8;1998-04-03;7.75;30;0;10998
OTTIK;41;6;1998-04-03;9.65;20;0,0500000007450581;10999
OTTIK;51;6;1998-04-03;53.00;15;0,0500000007450581;10999
OTTIK;77;6;1998-04-03;13.00;21;0,0500000007450581;10999
RATTC;4;2;1998-04-06;22.00;25;0,25;11000
RATTC;24;2;1998-04-06;4.50;30;0,25;11000
RATTC;77;2;1998-04-06;13.00;30;0;11000
FOLKO;7;2;1998-04-06;30.00;60;0;11001
FOLKO;22;2;1998-04-06;21.00;25;0;11001
FOLKO;46;2;1998-04-06;12.00;25;0;11001
FOLKO;55;2;1998-04-06;24.00;6;0;11001
SAVEA;13;4;1998-04-06;6.00;56;0;11002
SAVEA;35;4;1998-04-06;18.00;15;0,150000005960464;11002
SAVEA;42;4;1998-04-06;14.00;24;0,150000005960464;11002
SAVEA;55;4;1998-04-06;24.00;40;0;11002
THECR;1;3;1998-04-06;18.00;4;0;11003
THECR;40;3;1998-04-06;18.40;10;0;11003
THECR;52;3;1998-04-06;7.00;10;0;11003
MAISD;26;3;1998-04-07;31.23;6;0;11004
MAISD;76;3;1998-04-07;18.00;6;0;11004
WILMK;1;2;1998-04-07;18.00;2;0;11005
WILMK;59;2;1998-04-07;55.00;10;0;11005
GREAL;1;3;1998-04-07;18.00;8;0;11006
GREAL;29;3;1998-04-07;123.79;2;0,25;11006
PRINI;8;8;1998-04-08;40.00;30;0;11007
PRINI;29;8;1998-04-08;123.79;10;0;11007
PRINI;42;8;1998-04-08;14.00;14;0;11007
ERNSH;28;7;1998-04-08;45.60;70;0,0500000007450581;11008
ERNSH;34;7;1998-04-08;14.00;90;0,0500000007450581;11008
ERNSH;71;7;1998-04-08;21.50;21;0;11008
GODOS;24;2;1998-04-08;4.50;12;0;11009
GODOS;36;2;1998-04-08;19.00;18;0,25;11009
GODOS;60;2;1998-04-08;34.00;9;0;11009
REGGC;7;2;1998-04-09;30.00;20;0;11010
REGGC;24;2;1998-04-09;4.50;10;0;11010
ALFKI;58;3;1998-04-09;13.25;40;0,0500000007450581;11011
ALFKI;71;3;1998-04-09;21.50;20;0;11011
FRANK;19;1;1998-04-09;9.20;50;0,0500000007450581;11012
FRANK;60;1;1998-04-09;34.00;36;0,0500000007450581;11012
FRANK;71;1;1998-04-09;21.50;60;0,0500000007450581;11012
ROMEY;23;2;1998-04-09;9.00;10;0;11013
ROMEY;42;2;1998-04-09;14.00;4;0;11013
ROMEY;45;2;1998-04-09;9.50;20;0;11013
ROMEY;68;2;1998-04-09;12.50;2;0;11013
LINOD;41;2;1998-04-10;9.65;28;0,100000001490116;11014
SANTG;30;2;1998-04-10;25.89;15;0;11015
SANTG;77;2;1998-04-10;13.00;18;0;11015
AROUT;31;9;1998-04-10;12.50;15;0;11016
AROUT;36;9;1998-04-10;19.00;16;0;11016
ERNSH;3;9;1998-04-13;10.00;25;0;11017
ERNSH;59;9;1998-04-13;55.00;110;0;11017
ERNSH;70;9;1998-04-13;15.00;30;0;11017
LONEP;12;4;1998-04-13;38.00;20;0;11018
LONEP;18;4;1998-04-13;62.50;10;0;11018
LONEP;56;4;1998-04-13;38.00;5;0;11018
RANCH;46;6;1998-04-13;12.00;3;0;11019
RANCH;49;6;1998-04-13;20.00;2;0;11019
OTTIK;10;2;1998-04-14;31.00;24;0,150000005960464;11020
QUICK;2;3;1998-04-14;19.00;11;0,25;11021
QUICK;20;3;1998-04-14;81.00;15;0;11021
QUICK;26;3;1998-04-14;31.23;63;0;11021
QUICK;51;3;1998-04-14;53.00;44;0,25;11021
QUICK;72;3;1998-04-14;34.80;35;0;11021
HANAR;19;9;1998-04-14;9.20;35;0;11022
HANAR;69;9;1998-04-14;36.00;30;0;11022
BSBEV;7;1;1998-04-14;30.00;4;0;11023
BSBEV;43;1;1998-04-14;46.00;30;0;11023
EASTC;26;4;1998-04-15;31.23;12;0;11024
EASTC;33;4;1998-04-15;2.50;30;0;11024
EASTC;65;4;1998-04-15;21.05;21;0;11024
EASTC;71;4;1998-04-15;21.50;50;0;11024
WARTH;1;6;1998-04-15;18.00;10;0,100000001490116;11025
WARTH;13;6;1998-04-15;6.00;20;0,100000001490116;11025
FRANS;18;4;1998-04-15;62.50;8;0;11026
FRANS;51;4;1998-04-15;53.00;10;0;11026
BOTTM;24;1;1998-04-16;4.50;30;0,25;11027
BOTTM;62;1;1998-04-16;49.30;21;0,25;11027
KOENE;55;2;1998-04-16;24.00;35;0;11028
KOENE;59;2;1998-04-16;55.00;24;0;11028
CHOPS;56;4;1998-04-16;38.00;20;0;11029
CHOPS;63;4;1998-04-16;43.90;12;0;11029
SAVEA;2;7;1998-04-17;19.00;100;0,25;11030
SAVEA;5;7;1998-04-17;21.35;70;0;11030
SAVEA;29;7;1998-04-17;123.79;60;0,25;11030
SAVEA;59;7;1998-04-17;55.00;100;0,25;11030
SAVEA;1;6;1998-04-17;18.00;45;0;11031
SAVEA;13;6;1998-04-17;6.00;80;0;11031
SAVEA;24;6;1998-04-17;4.50;21;0;11031
SAVEA;64;6;1998-04-17;33.25;20;0;11031
SAVEA;71;6;1998-04-17;21.50;16;0;11031
WHITC;36;2;1998-04-17;19.00;35;0;11032
WHITC;38;2;1998-04-17;263.50;25;0;11032
WHITC;59;2;1998-04-17;55.00;30;0;11032
RICSU;53;7;1998-04-17;32.80;70;0,100000001490116;11033
RICSU;69;7;1998-04-17;36.00;36;0,100000001490116;11033
OLDWO;21;8;1998-04-20;10.00;15;0,100000001490116;11034
OLDWO;44;8;1998-04-20;19.45;12;0;11034
OLDWO;61;8;1998-04-20;28.50;6;0;11034
SUPRD;1;2;1998-04-20;18.00;10;0;11035
SUPRD;35;2;1998-04-20;18.00;60;0;11035
SUPRD;42;2;1998-04-20;14.00;30;0;11035
SUPRD;54;2;1998-04-20;7.45;10;0;11035
DRACD;13;8;1998-04-20;6.00;7;0;11036
DRACD;59;8;1998-04-20;55.00;30;0;11036
GODOS;70;7;1998-04-21;15.00;4;0;11037
SUPRD;40;1;1998-04-21;18.40;5;0,200000002980232;11038
SUPRD;52;1;1998-04-21;7.00;2;0;11038
SUPRD;71;1;1998-04-21;21.50;30;0;11038
LINOD;28;1;1998-04-21;45.60;20;0;11039
LINOD;35;1;1998-04-21;18.00;24;0;11039
LINOD;49;1;1998-04-21;20.00;60;0;11039
LINOD;57;1;1998-04-21;19.50;28;0;11039
GREAL;21;4;1998-04-22;10.00;20;0;11040
CHOPS;2;3;1998-04-22;19.00;30;0,200000002980232;11041
CHOPS;63;3;1998-04-22;43.90;30;0;11041
COMMI;44;2;1998-04-22;19.45;15;0;11042
COMMI;61;2;1998-04-22;28.50;4;0;11042
SPECD;11;5;1998-04-22;21.00;10;0;11043
WOLZA;62;4;1998-04-23;49.30;12;0;11044
BOTTM;33;6;1998-04-23;2.50;15;0;11045
BOTTM;51;6;1998-04-23;53.00;24;0;11045
WANDK;12;8;1998-04-23;38.00;20;0,0500000007450581;11046
WANDK;32;8;1998-04-23;32.00;15;0,0500000007450581;11046
WANDK;35;8;1998-04-23;18.00;18;0,0500000007450581;11046
EASTC;1;7;1998-04-24;18.00;25;0,25;11047
EASTC;5;7;1998-04-24;21.35;30;0,25;11047
BOTTM;68;7;1998-04-24;12.50;42;0;11048
GOURL;2;3;1998-04-24;19.00;10;0,200000002980232;11049
GOURL;12;3;1998-04-24;38.00;4;0,200000002980232;11049
FOLKO;76;8;1998-04-27;18.00;50;0,100000001490116;11050
LAMAI;24;7;1998-04-27;4.50;10;0,200000002980232;11051
HANAR;43;3;1998-04-27;46.00;30;0,200000002980232;11052
HANAR;61;3;1998-04-27;28.50;10;0,200000002980232;11052
PICCO;18;2;1998-04-27;62.50;35;0,200000002980232;11053
PICCO;32;2;1998-04-27;32.00;20;0;11053
PICCO;64;2;1998-04-27;33.25;25;0,200000002980232;11053
CACTU;33;8;1998-04-28;2.50;10;0;11054
CACTU;67;8;1998-04-28;14.00;20;0;11054
HILAA;24;7;1998-04-28;4.50;15;0;11055
HILAA;25;7;1998-04-28;14.00;15;0;11055
HILAA;51;7;1998-04-28;53.00;20;0;11055
HILAA;57;7;1998-04-28;19.50;20;0;11055
EASTC;7;8;1998-04-28;30.00;40;0;11056
EASTC;55;8;1998-04-28;24.00;35;0;11056
EASTC;60;8;1998-04-28;34.00;50;0;11056
NORTS;70;3;1998-04-29;15.00;3;0;11057
BLAUS;21;9;1998-04-29;10.00;3;0;11058
BLAUS;60;9;1998-04-29;34.00;21;0;11058
BLAUS;61;9;1998-04-29;28.50;4;0;11058
RICAR;13;2;1998-04-29;6.00;30;0;11059
RICAR;17;2;1998-04-29;39.00;12;0;11059
RICAR;60;2;1998-04-29;34.00;35;0;11059
FRANS;60;2;1998-04-30;34.00;4;0;11060
FRANS;77;2;1998-04-30;13.00;10;0;11060
GREAL;60;4;1998-04-30;34.00;15;0;11061
REGGC;53;4;1998-04-30;32.80;10;0,200000002980232;11062
REGGC;70;4;1998-04-30;15.00;12;0,200000002980232;11062
HUNGO;34;3;1998-04-30;14.00;30;0;11063
HUNGO;40;3;1998-04-30;18.40;40;0,100000001490116;11063
HUNGO;41;3;1998-04-30;9.65;30;0,100000001490116;11063
SAVEA;17;1;1998-05-01;39.00;77;0,100000001490116;11064
SAVEA;41;1;1998-05-01;9.65;12;0;11064
SAVEA;53;1;1998-05-01;32.80;25;0,100000001490116;11064
SAVEA;55;1;1998-05-01;24.00;4;0,100000001490116;11064
SAVEA;68;1;1998-05-01;12.50;55;0;11064
LILAS;30;8;1998-05-01;25.89;4;0,25;11065
LILAS;54;8;1998-05-01;7.45;20;0,25;11065
WHITC;16;7;1998-05-01;17.45;3;0;11066
WHITC;19;7;1998-05-01;9.20;42;0;11066
WHITC;34;7;1998-05-01;14.00;35;0;11066
DRACD;41;1;1998-05-04;9.65;9;0;11067
QUEEN;28;8;1998-05-04;45.60;8;0,150000005960464;11068
QUEEN;43;8;1998-05-04;46.00;36;0,150000005960464;11068
QUEEN;77;8;1998-05-04;13.00;28;0,150000005960464;11068
TORTU;39;1;1998-05-04;18.00;20;0;11069
LEHMS;1;2;1998-05-05;18.00;40;0,150000005960464;11070
LEHMS;2;2;1998-05-05;19.00;20;0,150000005960464;11070
LEHMS;16;2;1998-05-05;17.45;30;0,150000005960464;11070
LEHMS;31;2;1998-05-05;12.50;20;0;11070
LILAS;7;1;1998-05-05;30.00;15;0,0500000007450581;11071
LILAS;13;1;1998-05-05;6.00;10;0,0500000007450581;11071
ERNSH;2;4;1998-05-05;19.00;8;0;11072
ERNSH;41;4;1998-05-05;9.65;40;0;11072
ERNSH;50;4;1998-05-05;16.25;22;0;11072
ERNSH;64;4;1998-05-05;33.25;130;0;11072
PERIC;11;2;1998-05-05;21.00;10;0;11073
PERIC;24;2;1998-05-05;4.50;20;0;11073
SIMOB;16;7;1998-05-06;17.45;14;0,0500000007450581;11074
RICSU;2;8;1998-05-06;19.00;10;0,150000005960464;11075
RICSU;46;8;1998-05-06;12.00;30;0,150000005960464;11075
RICSU;76;8;1998-05-06;18.00;2;0,150000005960464;11075
BONAP;6;4;1998-05-06;25.00;20;0,25;11076
BONAP;14;4;1998-05-06;23.25;20;0,25;11076
BONAP;19;4;1998-05-06;9.20;10;0,25;11076
RATTC;2;1;1998-05-06;19.00;24;0,200000002980232;11077
RATTC;3;1;1998-05-06;10.00;4;0;11077
RATTC;4;1;1998-05-06;22.00;1;0;11077
RATTC;6;1;1998-05-06;25.00;1;0,0199999995529652;11077
RATTC;7;1;1998-05-06;30.00;1;0,0500000007450581;11077
RATTC;8;1;1998-05-06;40.00;2;0,100000001490116;11077
RATTC;10;1;1998-05-06;31.00;1;0;11077
RATTC;12;1;1998-05-06;38.00;2;0,0500000007450581;11077
RATTC;13;1;1998-05-06;6.00;4;0;11077
RATTC;14;1;1998-05-06;23.25;1;0,0299999993294477;11077
RATTC;16;1;1998-05-06;17.45;2;0,0299999993294477;11077
RATTC;20;1;1998-05-06;81.00;1;0,0399999991059303;11077
RATTC;23;1;1998-05-06;9.00;2;0;11077
RATTC;32;1;1998-05-06;32.00;1;0;11077
RATTC;39;1;1998-05-06;18.00;2;0,0500000007450581;11077
RATTC;41;1;1998-05-06;9.65;3;0;11077
RATTC;46;1;1998-05-06;12.00;3;0,0199999995529652;11077
RATTC;52;1;1998-05-06;7.00;2;0;11077
RATTC;55;1;1998-05-06;24.00;2;0;11077
RATTC;60;1;1998-05-06;34.00;2;0,0599999986588955;11077
RATTC;64;1;1998-05-06;33.25;2;0,0299999993294477;11077
RATTC;66;1;1998-05-06;17.00;1;0;11077
RATTC;73;1;1998-05-06;15.00;2;0,00999999977648258;11077
RATTC;75;1;1998-05-06;7.75;4;0;11077
RATTC;77;1;1998-05-06;13.00;2;0;11077
